name,film,boxoffice
James Cameron,7.0,5883569439.0
Gore Verbinski,7.0,3177013357.0
Sam Mendes,7.0,2713548809.0
Christopher Nolan,8.0,4227483234.0
Andrew Stanton,4.0,2109045355.0
Sam Raimi,11.0,3154404440.0
Byron Howard,2.0,901774930.0
Nathan Greno,1.0,591794936.0
Joss Whedon,3.0,2963831068.0
David Yates,3.0,2228914996.0
Zack Snyder,7.0,2476197387.0
Bryan Singer,8.0,2808235001.0
Marc Forster,8.0,1409088945.0
Andrew Adamson,5.0,2606859447.0
Rob Marshall,5.0,1781461383.0
Barry Sonnenfeld,7.0,2192438737.0
Peter Jackson,9.0,6498642820.0
Marc Webb,3.0,1518656023.0
Ridley Scott,16.0,3189557997.0
Chris Weitz,6.0,1519491084.0
Anthony Russo,4.0,1998502436.0
Joe Russo,4.0,1998502436.0
Peter Berg,6.0,1253823919.0
Colin Trevorrow,2.0,1517536602.0
Shane Black,2.0,1231225142.0
Tim Burton,14.0,3337418241.0
Brett Ratner,10.0,1764021298.0
Dan Scanlon,1.0,743559607.0
Michael Bay,12.0,5832524638.0
Joseph Kosinski,2.0,686231335.0
John Lasseter,5.0,2256015306.0
Brad Lewis,1.0,559852396.0
Martin Campbell,8.0,1854344953.0
Lee Unkrich,1.0,1066969703.0
McG,6.0,1147752254.0
James Wan,7.0,2524234105.0
J.J. Abrams,4.0,1510991691.0
Baz Luhrmann,4.0,727106616.0
Mike Newell,7.0,1532480454.0
Guillermo del Toro,5.0,905578214.0
Steven Spielberg,27.0,9147393164.0
Peter Sohn,1.0,331926147.0
Brenda Chapman,2.0,757596395.0
Mark Andrews,1.0,538983207.0
Steve Purcell,1.0,538983207.0
Justin Lin,5.0,1131887010.0
Roland Emmerich,8.0,2956821040.0
Robert Zemeckis,13.0,3590622002.0
Lilly Wachowski,7.0,2042532969.0
Lana Wachowski,7.0,2042532969.0
Pete Docter,3.0,2155526512.0
Conrad Vernon,4.0,2189022519.0
Rob Letterman,4.0,1144330401.0
Jon Favreau,6.0,2418854232.0
Martin Scorsese,21.0,1956636002.0
Rob Cohen,9.0,1355060000.0
David Ayer,6.0,1093989715.0
Tom Shadyac,7.0,1329174878.0
Doug Liman,7.0,1342160652.0
Kevin Reynolds,5.0,776481814.0
Stephen Sommers,4.0,746685318.0
Rupert Sanders,1.0,396600000.0
Robert Stromberg,1.0,758539785.0
Matt Reeves,4.0,905554206.0
Roland Joffé,3.0,10382409.0
Carl Rinsch,1.0,150962475.0
Mike Mitchell,4.0,1247201184.0
Brad Bird,5.0,2182191917.0
Chris Williams,2.0,962085437.0
Don Hall,2.0,666565443.0
Rich Moore,1.0,471222889.0
Chris Sanders,3.0,1225829214.0
Dean DeBlois,3.0,1249773334.0
Jonathan Mostow,4.0,735270331.0
James Gunn,4.0,806091756.0
Hideaki Anno,1.0,77000000.0
Shinji Higuchi,1.0,77000000.0
David Fincher,10.0,2139346325.0
Matthew Vaughn,4.0,597223267.0
Francis Lawrence,5.0,2952457182.0
Jon Turteltaub,7.0,1073738870.0
Wolfgang Petersen,7.0,1615016083.0
James Bobin,3.0,544937611.0
Chris Miller,2.0,1353945642.0
Raman Hui,1.0,798958165.0
Duncan Jones,3.0,590769984.0
Alan Taylor,2.0,1085174939.0
Michael Apted,6.0,913882718.0
Oliver Stone,14.0,1278048616.0
Jan Pinkava,1.0,623722818.0
Eric Darnell,5.0,2428812256.0
Tom McGrath,4.0,2205389507.0
Shawn Levy,11.0,2218745914.0
Gavin Hood,4.0,533228696.0
Chris Buck,2.0,1423263522.0
Jennifer Lee,1.0,1274219009.0
George Miller,8.0,1173014244.0
Ron Howard,13.0,2885690548.0
Kenneth Branagh,7.0,1043390082.0
Hoyt Yeatman,1.0,292817841.0
Jonathan Liebesman,5.0,1079919698.0
Christopher McQuarrie,3.0,919796135.0
Joe Johnston,4.0,847593822.0
Steve Hickner,2.0,506207765.0
Simon J. Smith,2.0,661146671.0
Jennifer Yuh Nelson,2.0,1186863106.0
M. Night Shyamalan,9.0,2452354930.0
Simon Wells,3.0,381335122.0
David Bowers,4.0,258079953.0
Sam Fell,3.0,222475860.0
Joe Wright,6.0,543233714.0
Rob Minkoff,6.0,1841443269.0
Lee Tamahori,5.0,657264116.0
Paul Feig,4.0,676205213.0
Alessandro Carloni,1.0,521170825.0
Peter Ramsey,1.0,306941670.0
Dean Parisot,4.0,303301419.0
Edward Zwick,7.0,1135457883.0
Alex Proyas,5.0,774562458.0
Richard Donner,11.0,1304160471.0
Ang Lee,8.0,1389619700.0
Jon M. Chu,5.0,1115328078.0
Breck Eisner,3.0,321162536.0
Hironobu Sakaguchi,1.0,85131830.0
Motonori Sakakibara,1.0,85131830.0
Peter Weir,4.0,780696421.0
Bill Condon,5.0,998944317.0
Louis Leterrier,6.0,694091791.0
Alejandro González Iñárritu,6.0,877979871.0
David Soren,1.0,282570682.0
Paul Greengrass,7.0,1413751482.0
Mark Osborne,2.0,729315810.0
John Stevenson,1.0,631744560.0
Peyton Reed,4.0,1040752558.0
Tim Johnson,4.0,910314437.0
Phillip Noyce,9.0,1055771882.0
Darren Aronofsky,6.0,761061349.0
Alfonso Cuarón,5.0,1614631069.0
Ralph Zondag,1.0,354248063.0
Eric Leighton,1.0,354248063.0
Chris Columbus,11.0,3794204635.0
Robert Schwentke,6.0,932415622.0
Carlos Saldanha,5.0,2793148786.0
Guy Ritchie,7.0,1080581889.0
Paul Verhoeven,5.0,619289575.0
John McTiernan,10.0,1170400302.0
Tony Gilroy,3.0,429564773.0
Joel Schumacher,13.0,1437036597.0
John Woo,7.0,1244047085.0
Tim Story,7.0,817618911.0
Mark Steven Johnson,2.0,246991808.0
Neill Blomkamp,3.0,601359859.0
David Twohy,4.0,290150325.0
José Padilha,2.0,256756043.0
James L. Brooks,3.0,417888285.0
James Mangold,8.0,1144966979.0
George Lucas,5.0,3339113893.0
Kirk De Micco,2.0,648979273.0
Thomas Langmann,1.0,132900000.0
Frédéric Forestier,1.0,132900000.0
Cedric Nicolas-Troyan,1.0,164602163.0
Roger Donaldson,7.0,450358676.0
Dave Green,2.0,290923848.0
Josh Trank,2.0,312977596.0
Brad Peyton,3.0,938667356.0
Roger Spottiswoode,4.0,436496546.0
Steven Soderbergh,15.0,2114864444.0
Michel Gondry,4.0,311793970.0
Noam Murro,1.0,337580051.0
Raja Gosnell,6.0,1691542081.0
Will Finn,1.0,103951461.0
John Sanford,1.0,103951461.0
Jan de Bont,5.0,1257122028.0
Len Wiseman,3.0,590580722.0
Frank Coraci,7.0,862299382.0
Michael Mann,6.0,673131444.0
Bo Welch,1.0,133960.0
Ron Clements,3.0,880674099.0
John Musker,3.0,880674099.0
Peter Chelsom,5.0,413562335.0
Dominic Sena,3.0,396488740.0
Tony Scott,12.0,1867920739.0
Paul Weitz,8.0,863610448.0
Adam McKay,6.0,859076455.0
Chuck Russell,6.0,804005373.0
Quentin Tarantino,10.0,1530968694.0
Gary Trousdale,2.0,286192576.0
Kirk Wise,2.0,286192576.0
Mark Dindal,3.0,487326989.0
Simon West,8.0,1087881164.0
Stefen Fangmeier,1.0,249288105.0
Spike Jonze,4.0,203102813.0
Chris Wedge,3.0,912380764.0
Florian Henckel von Donnersmarck,2.0,348731369.0
Peter Hyams,6.0,380635688.0
Tom Tykwer,6.0,337561089.0
Pitof,1.0,82102379.0
Brad Silberling,4.0,565313189.0
Patrick Hughes,1.0,206172544.0
Ericson Core,1.0,133718711.0
Lawrence Guterman,2.0,93432703.0
Ron Underwood,3.0,55675974.0
Steve Martino,2.0,1123477895.0
David Mamet,2.0,13835131.0
Zhang Yimou,6.0,365569814.0
Ash Brannon,1.0,149044513.0
Frank Oz,7.0,295173880.0
Jay Roach,8.0,1722550236.0
Luc Besson,5.0,565778217.0
Michael Patrick King,1.0,288347692.0
Don Michael Paul,3.0,76432729.0
Bibo Bergeron,3.0,470708127.0
Mike Thurmeier,1.0,877244782.0
Sergei Bodrov,2.0,140706123.0
Wally Pfister,1.0,103039258.0
Rupert Wyatt,2.0,522031315.0
Mark Waters,6.0,702753525.0
John Moore,4.0,502833469.0
John Lee Hancock,4.0,523169892.0
Renny Harlin,15.0,1031500590.0
Phil Lord,4.0,1102176100.0
Christopher Miller,4.0,1102176100.0
Ben Stiller,5.0,595781748.0
Tony Bancroft,1.0,304320254.0
Barry Cook,3.0,431014191.0
Timur Bekmambetov,4.0,496596458.0
Walt Becker,4.0,617875773.0
Dennis Dugan,9.0,1445025259.0
Sydney Pollack,5.0,813501065.0
Thor Freudenthal,3.0,323313709.0
Brian De Palma,12.0,921220751.0
Mick Jackson,2.0,411129563.0
Alan J. Pakula,2.0,336075603.0
Kathryn Bigelow,3.0,209989682.0
John Milius,3.0,117490583.0
Andrei Konchalovsky,2.0,79587573.0
Gary Ross,3.0,864583087.0
Paul W.S. Anderson,10.0,1301861740.0
Genndy Tartakovsky,3.0,831602562.0
Kevin Lima,2.0,524099423.0
Daniel Espinosa,3.0,211400536.0
Nancy Meyers,5.0,1248677472.0
Jill Culton,1.0,197309027.0
Roger Allers,2.0,985550803.0
Anthony Stacchi,2.0,305564797.0
Neil Burger,4.0,375662914.0
Jean-Jacques Annaud,4.0,345866560.0
Sarah Smith,1.0,147419.0
Martin Brest,4.0,504980393.0
Andrew Davis,4.0,578874100.0
Bob Fosse,2.0,57823676.0
Tarsem Singh,4.0,544601608.0
Edgar Wright,5.0,229404909.0
Jon Amiel,4.0,300414419.0
Peter Segal,7.0,836836707.0
Pete Travis,2.0,192199233.0
George A. Romero,7.0,137550294.0
Sylvester Stallone,2.0,430191526.0
Todd Phillips,7.0,1320393375.0
Karey Kirkpatrick,2.0,343397248.0
Gary Winick,5.0,440158984.0
Mimi Leder,3.0,306635215.0
Seth Gordon,4.0,454802442.0
Adam Shankman,8.0,873562773.0
D.J. Caruso,4.0,440996231.0
Anthony Minghella,3.0,533788199.0
Albert Hughes,3.0,259565870.0
Allen Hughes,4.0,279267034.0
Les Mayfield,5.0,332134478.0
Joe Pytka,1.0,250200000.0
Scott Derrickson,4.0,542960581.0
Ivan Reitman,8.0,998531399.0
Eric Brevig,2.0,303286201.0
Kelly Asbury,2.0,1042402297.0
Lorna Cook,1.0,122563539.0
Stephen Hopkins,6.0,378023288.0
Jonathan Demme,5.0,575527328.0
Henry Jaglom,1.0,180557.0
James Algar,3.0,441641720.0
Don Hahn,1.0,90874570.0
Gaëtan Brizzi,1.0,90874570.0
Paul Brizzi,1.0,90874570.0
Eric Goldberg,2.0,436954343.0
Hendel Butoy,1.0,90874570.0
Francis Glebas,1.0,90874570.0
Pixote Hunt,1.0,90874570.0
Vincent Ward,1.0,71485043.0
Steven Brill,5.0,273397934.0
Terry Gilliam,7.0,269639170.0
Lucile Hadzihalilovic,1.0,98376.0
Neil Nightingale,1.0,126546518.0
Roger Christian,1.0,21400000.0
Joe Dante,7.0,365199513.0
Kevin Costner,3.0,510131375.0
Antony Hoffman,1.0,33463969.0
Jacques Perrin,2.0,39623486.0
Jacques Cluzaud,1.0,19406406.0
Andrés Couturier,1.0,4651003.0
Cody Cameron,1.0,248384621.0
Kris Pearn,1.0,248384621.0
John Singleton,7.0,632410492.0
Oliver Hirschbiegel,2.0,107252424.0
James McTeigue,5.0,237702648.0
Des McAnuff,1.0,35134820.0
Chris Renaud,3.0,2390234178.0
Stephen Norrington,2.0,310448734.0
Pierre Coffin,3.0,2671006832.0
David Kellogg,1.0,134403.0
Mike Nichols,6.0,259861163.0
Vicky Jenson,3.0,858089482.0
F. Gary Gray,8.0,758327415.0
Antoine Fuqua,8.0,780013120.0
Robert Luketic,6.0,686786764.0
Gil Kenan,2.0,158044054.0
Barry Levinson,13.0,1109252234.0
Jerry Zucker,4.0,801552508.0
Andy Tennant,6.0,861734390.0
Florent-Emilio Siri,1.0,77944725.0
Gary Goldman,2.0,176558982.0
Don Bluth,3.0,261019828.0
Ron Shelton,4.0,122668863.0
Àlex Pastor,1.0,5802422.0
David Pastor,1.0,5802422.0
Henry Selick,2.0,130005915.0
Kyle Balda,1.0,1156730962.0
Fergal Reilly,1.0,349779543.0
Clay Kaytis,1.0,349779543.0
Judd Apatow,5.0,618839316.0
Steve Carr,5.0,616097658.0
Mel Gibson,3.0,942074710.0
David Silverman,1.0,527068851.0
Frank Darabont,4.0,407355217.0
Betty Thomas,4.0,808812717.0
Joe Ranft,1.0,461983149.0
Garry Marshall,8.0,1441191001.0
Paul Tibbitt,1.0,311594032.0
Clark Johnson,2.0,194563692.0
Cameron Crowe,6.0,722691372.0
Randall Wallace,4.0,459214019.0
Jonathan Frakes,4.0,335076920.0
George Clooney,5.0,359890393.0
Gary Shore,1.0,215529201.0
Andrzej Bartkowiak,5.0,296236439.0
Måns Mårlind,1.0,160112671.0
Björn Stein,1.0,160112671.0
Gregory Hoblit,3.0,132876699.0
Gary McKendry,1.0,57777106.0
Wych Kaosayananda,1.0,19924033.0
Mikael Salomon,2.0,19870568.0
Bobby Farrelly,11.0,1338217899.0
Peter Farrelly,12.0,1370656887.0
Dan St. Pierre,1.0,18662027.0
Kerry Conran,1.0,57958696.0
Michael Caton-Jones,4.0,251990584.0
Mikael Håfström,4.0,371121418.0
Phil Alden Robinson,1.0,193000000.0
David Slade,3.0,781019529.0
Joseph Ruben,1.0,35431113.0
Seth MacFarlane,3.0,852798986.0
Alejandro Amenábar,4.0,305194864.0
Kinka Usher,1.0,29762011.0
Craig Gillespie,4.0,126622617.0
Rob Bowman,4.0,291792124.0
Doug Lefler,1.0,25303038.0
Scott Waugh,2.0,284550402.0
Lawrence Kasdan,5.0,100767439.0
Michael Lembeck,2.0,184196081.0
Tom Hooper,3.0,856021320.0
Nora Ephron,3.0,380361995.0
Angelina Jolie,3.0,167474560.0
Clint Eastwood,20.0,2512058888.0
Larry Charles,5.0,579758110.0
Stanley Kubrick,6.0,313498854.0
Will Gluck,3.0,359257886.0
Glenn Ficarra,3.0,307466195.0
John Requa,3.0,307466195.0
David S. Goyer,2.0,205419416.0
Taylor Hackford,6.0,323892838.0
Michael Lehmann,3.0,181849853.0
Stuart Beattie,1.0,71154592.0
Roman Polanski,6.0,341788974.0
Robert Rodriguez,17.0,1114199581.0
Frank Miller,3.0,237172773.0
Baltasar Kormákur,3.0,398467995.0
Daniel Lee,2.0,121545704.0
Keenen Ivory Wayans,4.0,385294692.0
Rob Reiner,11.0,803797478.0
Marco Schnabel,1.0,41819064.0
Demian Lichtenstein,1.0,18720175.0
Josh Gordon,2.0,49976315.0
Will Speck,2.0,49976315.0
Tim Hill,5.0,720605977.0
David Frankel,4.0,692362906.0
Marc Lawrence,3.0,324531590.0
Peter Billingsley,1.0,171844840.0
Wes Ball,2.0,659576787.0
Ryan Murphy,2.0,211348914.0
Robert Redford,5.0,305037663.0
Jay Russell,3.0,74541709.0
Kenny Ortega,5.0,299685074.0
David McNally,2.0,114005403.0
Brian Robbins,6.0,186402412.0
Brian Levant,6.0,789122168.0
Steven Zaillian,2.0,66153798.0
Chris Butler,1.0,107139399.0
Jon Avnet,3.0,90206138.0
Robert Stevenhagen,1.0,50877145.0
Kevin Donovan,1.0,104391.0
Geoff Murphy,1.0,104324083.0
David O. Russell,8.0,774364029.0
Babak Najafi,1.0,205754447.0
Jean-Pierre Jeunet,5.0,359416744.0
Graham Annable,1.0,108255770.0
Griffin Dunne,3.0,79122366.0
John Pasquin,3.0,291226927.0
Ruben Fleischer,3.0,248139725.0
Harold Ramis,8.0,590882770.0
Kevin Macdonald,3.0,149697966.0
Donald Petrie,8.0,498836725.0
Jorge Blanco,1.0,104945765.0
Javier Abad,1.0,104945765.0
Marcos Martínez,1.0,104945765.0
Stuart Baird,2.0,189282042.0
Joel Coen,12.0,1050204823.0
Robert Lorenz,1.0,48963.0
Harold Becker,4.0,178321914.0
Scott Stewart,2.0,146227789.0
Patrick Gilmore,1.0,26288320.0
Tony Bill,1.0,17800000.0
Rod Lurie,5.0,63571387.0
Walter Hill,4.0,52511727.0
Jack Sholder,2.0,44827294.0
Akiva Goldsman,1.0,30800231.0
Harald Zwart,2.0,149361235.0
Walter Salles,4.0,44711486.0
Iain Softley,4.0,207344060.0
David Koepp,5.0,175548418.0
Uwe Boll,5.0,440904510.0
Soi Cheang,1.0,193677158.0
John Dahl,4.0,72158089.0
Tim Miller,1.0,783112979.0
Stephen Herek,8.0,252949546.0
Peter MacDonald,1.0,189015611.0
Anthony Hemingway,1.0,50365377.0
Sean Anders,4.0,427270797.0
Brian Taylor,4.0,267537513.0
Mark Neveldine,5.0,269322276.0
John Madden,5.0,619881479.0
Kevin Bray,2.0,82706821.0
Mike Gabriel,1.0,346079773.0
Sam Weisman,4.0,29174465.0
Jesse Dylan,3.0,318675071.0
Wayne Wang,5.0,245938046.0
Gabriele Muccino,4.0,475244988.0
Albert Magnoli,1.0,63408614.0
Tom Dey,3.0,229409341.0
Jimmy Hayward,2.0,120539000.0
Alan Parker,3.0,180002790.0
John Frankenheimer,5.0,184207633.0
Paul King,1.0,259207227.0
Akiva Schaffer,2.0,82602263.0
William Friedkin,6.0,542215589.0
Kent Alterman,1.0,33472850.0
Peter Lord,2.0,343172925.0
Jeff Newitt,1.0,118338361.0
Shekhar Kapur,3.0,186270850.0
Karyn Kusama,2.0,83860062.0
Ronald F. Maxwell,2.0,37923936.0
Robert Butler,1.0,11466088.0
Steve Antin,1.0,89519773.0
Jim Gillespie,2.0,132002436.0
Francis Ford Coppola,12.0,886044367.0
Richard Lester,5.0,278609000.0
Scott Cooper,3.0,153700310.0
Eli Roth,4.0,148069797.0
Rob Zombie,5.0,101844820.0
Jason Eisener,2.0,25786350.0
Curtis Hanson,7.0,356537406.0
Phyllida Lloyd,2.0,724798336.0
Jay Chandrasekhar,4.0,153477662.0
Terrence Malick,4.0,183336805.0
David Dobkin,4.0,247493313.0
Miloš Forman,3.0,208388734.0
Pierre Morel,4.0,302885585.0
Paul Hunter,1.0,13960630.0
Steve Oedekerk,4.0,306164534.0
John Whitesell,5.0,269105548.0
George Nolfi,1.0,127869379.0
Neil Jordan,8.0,315586129.0
Rawson Marshall Thurber,3.0,654688972.0
Spike Lee,16.0,381333532.0
Brian Helgeland,5.0,428667607.0
Frank Marshall,4.0,362420184.0
Hideo Nakata,1.0,161451538.0
Peter Hewitt,4.0,237310723.0
Joe Roth,2.0,234763908.0
Bennett Miller,2.0,159291046.0
Jaume Collet-Serra,6.0,654620771.0
Andy Fickman,6.0,547448412.0
Matthew O'Callaghan,1.0,69834815.0
Angela Robinson,2.0,66002005.0
Gary Fleder,6.0,213930126.0
Tommy Wirkola,2.0,226788137.0
Adrian Lyne,4.0,538940602.0
Stephen Gaghan,2.0,104719357.0
Jorge R. Gutierrez,1.0,97437106.0
Richard Loncraine,3.0,124312008.0
Christophe Gans,1.0,97607453.0
Howard Deutch,3.0,68093741.0
Jon Hurwitz,2.0,278482707.0
Hayden Schlossberg,2.0,278482707.0
Steven Quale,2.0,318489837.0
John Landis,6.0,500289798.0
Alexander Witt,1.0,129394835.0
Beeban Kidron,1.0,40203020.0
Carl Franklin,3.0,119277374.0
Steven Seagal,1.0,49000000.0
Danny Boyle,8.0,747592547.0
Andrew Bergman,2.0,116313039.0
Barbet Schroeder,2.0,56714148.0
Peter Webber,2.0,113636673.0
Andrew Niccol,5.0,274234941.0
John Carpenter,10.0,273918735.0
Wes Anderson,7.0,413240282.0
David Cronenberg,7.0,478363147.0
John Stockwell,4.0,113206242.0
David Gordon Green,8.0,172470803.0
Jim Sheridan,3.0,128263217.0
Costa-Gavras,2.0,10541524.0
Patrick Read Johnson,2.0,32041078.0
Richard LaGravenese,6.0,275818419.0
Danny DeVito,3.0,19322137.0
George Armitage,2.0,34892907.0
Patrick Lussier,4.0,171187664.0
James Wong,4.0,301219171.0
Richard Curtis,3.0,368380999.0
Chuck Bowman,1.0,1.0
Olivier Megaton,3.0,762878584.0
Deepa Mehta,2.0,10951359.0
Warren Beatty,3.0,173324269.0
Penny Marshall,4.0,319203191.0
Ted Kotcheff,1.0,125212904.0
Andrei Tarkovsky,1.0,1.0
Yvette Kaplan,1.0,38085778.0
Paul Bolger,1.0,38085778.0
Greg Tiernan,2.0,178838395.0
Stephen Frears,10.0,382961143.0
P.J. Hogan,1.0,299288605.0
Brad Furman,3.0,163466352.0
Terence Young,4.0,284894423.0
David Zucker,6.0,594510792.0
Denis Villeneuve,3.0,213256341.0
Thomas Carter,3.0,197836045.0
Roger Michell,3.0,517610622.0
Luis Llosa,2.0,307248349.0
Melville Shavelson,1.0,1.0
Garth Jennings,1.0,104478416.0
Joel Zwick,2.0,368744045.0
Russell Mulcahy,4.0,202451882.0
David R. Ellis,5.0,405164703.0
Peter Howitt,4.0,266794793.0
John A. Davis,2.0,136117361.0
David Lynch,5.0,84053894.0
Julie Taymor,3.0,61668538.0
Mathieu Kassovitz,2.0,213699932.0
John Gray,1.0,16000000.0
John Schultz,3.0,142906888.0
Sean Penn,2.0,85655142.0
Susan Stroman,1.0,38058335.0
Simon Wincer,4.0,64174290.0
Billy Bob Thornton,2.0,24475417.0
Danny Pang,2.0,42487391.0
Oxide Pang Chun,2.0,42487391.0
George P. Cosmatos,3.0,359060037.0
Oliver Parker,4.0,178613779.0
Lawrence Kasanoff,1.0,73706.0
Ben Affleck,2.0,386350264.0
Brian Gibson,2.0,63054726.0
Ben Sharpsteen,2.0,167620000.0
Hamilton Luske,2.0,167620000.0
Michael Cimino,2.0,53484331.0
Paul McGuigan,3.0,103537436.0
Gus Van Sant,8.0,394850454.0
Roger Kumble,3.0,183939155.0
Burr Steers,4.0,205609973.0
Nick Park,2.0,417287396.0
John Hamburg,3.0,263600373.0
Reginald Hudlin,3.0,100730185.0
Joseph L. Mankiewicz,1.0,71000000.0
Barbra Streisand,3.0,178240027.0
Mark Pellington,3.0,118955692.0
John Glen,5.0,882593674.0
Catherine Hardwicke,6.0,546224052.0
John Herzfeld,2.0,56773434.0
Annabel Jankel,1.0,20915465.0
Rocky Morton,1.0,20915465.0
Julie Anne Robinson,2.0,129572669.0
Seth Rogen,2.0,138383954.0
Evan Goldberg,2.0,138383954.0
Sngmoo Lee,1.0,11087569.0
Jamel Debbouze,1.0,1.0
Gordon Chan,1.0,34268701.0
Asger Leth,1.0,46221189.0
John G. Avildsen,2.0,208050705.0
Anne Fletcher,5.0,685373124.0
Bruce Beresford,4.0,344354306.0
Sam Taylor-Johnson,2.0,571006129.0
Ken Kwapis,4.0,310338941.0
Wes Craven,11.0,769651648.0
Etan Cohen,1.0,111811453.0
Nick Cassavetes,4.0,510344067.0
Nicholas Stoller,5.0,626028443.0
Mark A.Z. Dippé,1.0,87840042.0
Callan Brunker,1.0,74597643.0
Nimród Antal,3.0,157164001.0
Alejandro Agresti,1.0,114830111.0
Peter Hedges,2.0,52598239.0
Paul Weiland,1.0,84601681.0
Colin Strause,2.0,108618102.0
Greg Strause,2.0,108618102.0
Joan Chen,1.0,1.0
Greg Mottola,3.0,236179653.0
Jake Kasdan,4.0,362564490.0
Diane Keaton,1.0,36037909.0
Kelly Makin,1.0,1.0
Stephen Daldry,5.0,319865002.0
Christian Duguay,2.0,41158580.0
Richard Stanley,1.0,49627779.0
Justin Chadwick,2.0,105599970.0
Pat O'Connor,1.0,65754228.0
Frederik Du Chau,2.0,131945022.0
Irwin Winkler,4.0,116548713.0
Joseph Kahn,2.0,46546198.0
Sofia Coppola,4.0,204544482.0
Stephen T. Kay,3.0,86605853.0
Juan Antonio Bayona,2.0,224274123.0
Elaine May,1.0,14375181.0
Dennie Gordon,4.0,45609808.0
Charles Shyer,1.0,13395939.0
Ulu Grosbard,1.0,28121100.0
William Malone,2.0,59748097.0
Malcolm D. Lee,7.0,269832979.0
Jerry Jameson,2.0,2801509.0
Mic Rodgers,1.0,10667893.0
Christian Alvart,2.0,49645327.0
Jean-Marie Poiré,3.0,124800001.0
Marc F. Adler,1.0,1.0
Jason Maurer,1.0,1.0
Geoffrey Sax,2.0,115134289.0
Richard Shepard,3.0,17820756.0
Peter Chan,1.0,1.0
Raymond Yip Wai-Man,1.0,1.0
Sergei Bodrov Jr.,1.0,1.0
Ivan Passer,1.0,1.0
Bong Joon-ho,2.0,175248555.0
Jeff Nathanson,1.0,1.0
S.S. Rajamouli,1.0,100000000.0
Charles S. Dutton,1.0,6614280.0
Jonathan Lynn,4.0,173913247.0
David Carson,1.0,120000000.0
Wong Kar-wai,3.0,105134786.0
Yuefeng Song,1.0,9841578.0
Norman Jewison,5.0,157260584.0
David Mirkin,1.0,57756408.0
Luis Mandoki,2.0,148580016.0
Lee Daniels,2.0,163459134.0
Jeb Stuart,2.0,6482196.0
Steve Miner,5.0,115283259.0
Paul Thomas Anderson,6.0,225131143.0
David Leland,2.0,5410750.0
J Blakeson,1.0,109906372.0
Ryan Coogler,2.0,190953411.0
Kirk Jones,5.0,334629056.0
Ethan Coen,8.0,797215113.0
Jennifer Flackett,1.0,100076342.0
Mark Levin,1.0,100076342.0
Kevin Smith,12.0,245343075.0
Christian Ditter,1.0,112343513.0
Charles Martin Smith,3.0,170973429.0
Fyodor Bondarchuk,1.0,21834845.0
Irvin Kershner,2.0,698400000.0
Steve Pink,3.0,125889597.0
Scott Hicks,5.0,216143971.0
Chris Rock,3.0,38630537.0
Wilson Yip,1.0,156844753.0
Robert Wise,4.0,481247671.0
Kevin Rodney Sullivan,3.0,171658650.0
Kevin Munroe,2.0,100243057.0
Mike Tollin,2.0,71971376.0
Patrick Tatopoulos,1.0,91353501.0
Gary David Goldberg,1.0,58405313.0
Tobe Hooper,5.0,165969536.0
Alan Poul,1.0,77477008.0
Luke Greenfield,4.0,311707109.0
Gil Junger,2.0,53478167.0
Michael Ritchie,3.0,123486287.0
Steven E. de Souza,1.0,99423521.0
Alexandre Aja,4.0,225248318.0
Michael Rymer,2.0,59490564.0
Hugh Wilson,4.0,302861917.0
Mike Hodges,1.0,27107960.0
Scott Mann,1.0,4100000.0
Susanna White,2.0,103176483.0
Chris Carter,1.0,68369434.0
Tommy O'Haver,2.0,47289133.0
Peter Landesman,1.0,50363790.0
Gary Chapman,1.0,19478106.0
Craig Mazin,2.0,25871835.0
Kimble Rendall,1.0,1.0
Peter Yates,1.0,16519460.0
Lasse Hallström,9.0,575400767.0
Jean-Marc Vallée,3.0,135109715.0
Tsui Hark,1.0,1.0
Lexi Alexander,1.0,10089373.0
Ronny Yu,4.0,165580695.0
Bille August,2.0,6317171.0
Moustapha Akkad,1.0,1.0
Jean-Paul Rappeneau,2.0,15000001.0
Joachim Rønning,1.0,10496317.0
Espen Sandberg,1.0,10496317.0
Tony Kaye,3.0,23875153.0
Ken Scott,2.0,65595359.0
Hugh Johnson,1.0,11263966.0
Hayao Miyazaki,4.0,856490376.0
"George Tillman, Jr.",4.0,134909917.0
Rand Ravich,1.0,19598588.0
Hugh Hudson,2.0,58972905.0
Ben Stassen,2.0,71594793.0
Jeremy Degruson,1.0,1.0
Chris Gorak,1.0,64626786.0
Scott Speer,1.0,140470746.0
Joe Charbanic,1.0,1.0
Jonathan Hensleigh,1.0,54700105.0
Danny Cannon,2.0,67612985.0
Boaz Yakin,3.0,221020124.0
Richard Marquand,1.0,572700000.0
Neil Marshall,3.0,86156242.0
David Wain,4.0,312885243.0
Jared Hess,3.0,126316091.0
Rupert Wainwright,1.0,50041732.0
John Luessenhop,2.0,116297640.0
Justin Zackham,1.0,21819348.0
John Gatins,1.0,1.0
Miguel Sapochnik,1.0,18409891.0
Shim Hyung-Rae,2.0,70287404.0
Don Scardino,1.0,27437881.0
Tim Robbins,2.0,39363636.0
Tom Reeve,1.0,1.0
Nanette Burstein,1.0,42045846.0
Ariel Vromen,2.0,16677889.0
Lewis Gilbert,3.0,507331559.0
John Francis Daley,1.0,104384188.0
Jonathan M. Goldstein,1.0,104384188.0
J.B. Rogers,2.0,287553596.0
Michael Sucsy,1.0,196114570.0
Tom Vaughan,2.0,185134293.0
Stephen Hillenburg,1.0,140161792.0
Stig Bergqvist,1.0,103.0
Jason Reitman,5.0,463089932.0
Alexander Payne,6.0,415092324.0
Jonathan Levine,4.0,159068421.0
Rian Johnson,2.0,52572764.0
Chris Noonan,2.0,289213151.0
Michael McCullers,1.0,63833449.0
Forest Whitaker,1.0,81471882.0
Woody Allen,22.0,698781620.0
Peter Lepeniotis,1.0,122529966.0
Ted Demme,1.0,83282296.0
William Shatner,1.0,70200000.0
Steve Box,1.0,192452832.0
Mike Johnson,1.0,117195061.0
James Gartner,1.0,42647449.0
Lee Toland Krieger,2.0,68758089.0
Tim McCanlies,2.0,565593.0
Drew Goddard,1.0,66486080.0
Jason Friedberg,5.0,314717971.0
Aaron Seltzer,5.0,314717971.0
Paul Michael Glaser,1.0,38122105.0
John R. Leonetti,2.0,306650674.0
Tom Hanks,2.0,70745791.0
Kimberly Peirce,3.0,105142025.0
Liz Friedlander,1.0,34742066.0
Phil Joanou,2.0,41480852.0
Shane Acker,1.0,48428063.0
Martha Coolidge,1.0,37666766.0
Stephen Anderson,1.0,14460000.0
Troy Miller,1.0,39267515.0
Tate Taylor,2.0,156183722.0
Brett Leonard,2.0,56149000.0
Alister Grierson,1.0,108609310.0
Nick Hurran,1.0,22034832.0
Charles Stone III,2.0,79388787.0
Paul Haggis,3.0,179100502.0
Kurt Wimmer,2.0,36429856.0
Jean-François Richet,1.0,35294470.0
Kevin Hooks,1.0,17193231.0
Ellory Elkayem,1.0,45867333.0
Niki Caro,3.0,112334301.0
Vincenzo Natali,5.0,10495649.0
Willard Huyck,1.0,37962774.0
Gavin O'Connor,5.0,121329611.0
Bruce Hunt,1.0,15007991.0
Christopher Roberts,1.0,1.0
Kim Jee-woon,2.0,459359556.0
Nick Hamm,1.0,30114487.0
Andy Cadiff,1.0,12.0
Mike Disa,1.0,13521829.0
Richard J. Lewis,1.0,8454301.0
Sergio Leone,4.0,33978919.0
Niels Arden Oplev,1.0,18074539.0
Michael Radford,2.0,32744504.0
Steve Boyum,2.0,7664696.0
Chen Kaige,1.0,1.0
Corey Yuen Kwai,2.0,44409246.0
Andrew Dominik,2.0,52642258.0
Jackie Chan,1.0,108348.0
张立 | Zhang Li,1.0,108348.0
Laurent Tirard,2.0,10878868.0
Reinhard Klooss,1.0,1.0
Holger Tappe,1.0,1.0
Frédéric Auburtin,2.0,4857368.0
Olivier Dahan,1.0,1.0
Maksim Fadeev,1.0,1.0
Liliana Cavani,1.0,1.0
Elizabeth Banks,2.0,319945182.0
Edward Norton,1.0,37036004.0
Ben Falcone,2.0,179161689.0
Richard Attenborough,4.0,154387687.0
Don Mancini,1.0,24829644.0
John Maybury,1.0,21126225.0
Norton Virgien,2.0,113695470.0
Igor Kovalyov,1.0,100491683.0
Shinji Aramaki,1.0,17137302.0
Miguel Arteta,5.0,124371377.0
James Gray,4.0,63942755.0
Janusz Kamiński,1.0,31355910.0
Robert B. Weide,1.0,17286299.0
Jeff Wadlow,3.0,112375105.0
Agustín Díaz Yanes,1.0,23321954.0
Camille Delamarre,2.0,141526499.0
David Lean,4.0,242341401.0
Richard Eyre,2.0,49469905.0
Nicholas Meyer,2.0,193700000.0
Callie Khouri,2.0,73839241.0
Sanaa Hamri,2.0,65873136.0
Todd Graff,2.0,5210989.0
Philip Kaufman,2.0,28560876.0
Saul Dibb,1.0,43306325.0
Walter Murch,1.0,11137801.0
Richard Linklater,11.0,311532038.0
E. Elias Merhige,2.0,21279017.0
Menno Meyjes,1.0,1.0
Jodie Foster,3.0,111772589.0
Scott Frank,1.0,53181600.0
Kevin Allen,2.0,28818996.0
Michael Cristofer,1.0,35402320.0
Andrew Morahan,1.0,36800000.0
Bob Rafelson,2.0,44376626.0
Michael Cohn,1.0,35181.0
Stephen Greene,1.0,1.0
Alan Shapiro,1.0,20080020.0
Fernando Meirelles,3.0,132953419.0
Michael Hoffman,3.0,35926215.0
Oleg Stepchenko,1.0,39539416.0
Michael Winterbottom,6.0,18928876.0
Michael Pressman,1.0,78000000.0
Sharon Maguire,1.0,281929795.0
Charles Herman-Wurmfeld,3.0,134928267.0
Gábor Csupó,1.0,137587063.0
Tyler Perry,9.0,402475212.0
Joe Carnahan,3.0,147015973.0
John Polson,2.0,157056060.0
Bernardo Bertolucci,2.0,45343543.0
Cathy Malkasian,1.0,20586040.0
Jeff McGrath,1.0,20586040.0
John Eng,1.0,13203787.0
Chris Nahon,1.0,64437847.0
Fred Wolf,2.0,77018222.0
Bille Woodruff,4.0,98998115.0
Victor Salva,3.0,122542795.0
Mark Helfrich,1.0,59192128.0
Steve Bendelack,1.0,229736344.0
Dwight H. Little,2.0,88761655.0
Guillaume Canet,2.0,50946942.0
Kirsten Sheridan,1.0,66122026.0
Richard Fleischer,4.0,164696924.0
Kinji Fukasaku,1.0,29548291.0
Toshio Masuda,1.0,29548291.0
Bob Spiers,1.0,100000000.0
Damien Dante Wayans,1.0,1.0
John Wells,2.0,110795680.0
Tim Fywell,1.0,27645491.0
Nigel Cole,2.0,42886720.0
Dexter Fletcher,1.0,46152800.0
Jeremy Leven,1.0,22200000.0
Sylvain White,2.0,99091123.0
Troy Nixey,1.0,36993168.0
Philip G. Atwell,1.0,40452643.0
Jeff Schaffer,1.0,20796847.0
James Bridges,1.0,1.0
Steve Barron,1.0,36394530.0
Bill Paxton,2.0,28541625.0
Richard Kelly,3.0,34978796.0
Carter Smith,1.0,22728043.0
John Schlesinger,3.0,122340525.0
Ringo Lam,1.0,51702483.0
Bruce McCulloch,2.0,2.0
Patricia Riggen,3.0,125214114.0
Pascal Chaumeil,1.0,1.0
Jonathan Kaplan,1.0,13000000.0
Ole Bornedal,1.0,85446075.0
Richard Benjamin,3.0,25599706.0
Craig R. Baxley,2.0,20256976.0
John Hillcoat,3.0,45323295.0
John Guillermin,1.0,5778353.0
Marcos Siega,1.0,1.0
Rachel Talalay,2.0,38936528.0
Jeffrey W. Byrd,1.0,1.0
Atom Egoyan,6.0,11723047.0
Robert Towne,1.0,777423.0
Giuseppe Tornatore,1.0,19255873.0
Werner Herzog,2.0,17766245.0
Jérôme Deschamps,1.0,1.0
Pascal Hérold,1.0,1.0
Macha Makeïeff,1.0,1.0
Inna Evlannikova,1.0,6500000.0
Svyatoslav Ushakov,1.0,6500000.0
Jonathan English,1.0,1.0
Sergey Bondarchuk,1.0,3052000.0
Teddy Chan,2.0,5837675.0
Mario Van Peebles,2.0,2.0
Leonard Nimoy,3.0,462780960.0
Herbert Ross,1.0,80035402.0
Bonnie Hunt,1.0,36609995.0
Neil LaBute,3.0,29773297.0
Grant Heslov,1.0,68729358.0
George Gallo,2.0,2.0
Sidney Lumet,6.0,102352818.0
Douglas McGrath,3.0,33767114.0
Kevin Spacey,2.0,2.0
Richard Williams,1.0,669276.0
Mary McGuckian,1.0,1.0
Tony Goldwyn,2.0,2.0
Jonathan Newman,1.0,6399.0
Michael Dinner,1.0,1.0
Joseph Sargent,1.0,51881013.0
Jerry Zaks,1.0,1.0
Fred Durst,1.0,1.0
Anne Fontaine,2.0,318983.0
Jon Cassar,1.0,1.0
Mira Nair,5.0,43204609.0
Mel Brooks,6.0,306628762.0
Russell Crowe,1.0,15520023.0
Jessie Nelson,2.0,116542418.0
Christopher Spencer,1.0,67800064.0
Mike Bigelow,1.0,22400154.0
Daniel Sackheim,1.0,23619609.0
Deborah Kaplan,2.0,25605016.0
Harry Elfont,2.0,25605016.0
Uli Edel,2.0,13555989.0
Fred Dekker,1.0,10696210.0
Brian Trenchard-Smith,3.0,3.0
Paul J. Lombardi,1.0,1.0
Blake Edwards,2.0,41833348.0
Laurence Dunmore,1.0,10852064.0
Christian Carion,1.0,17709155.0
Dax Shepard,1.0,14400000.0
David Palmer,1.0,14400000.0
Rowan Joffe,2.0,15447155.0
John Curran,2.0,36390565.0
Juan José Campanella,2.0,57965843.0
Trey Parker,3.0,134045026.0
Stuart Gillard,2.0,136420425.0
Katt Shea,1.0,17762705.0
Joshua Michael Stern,1.0,17600000.0
Tomas Alfredson,1.0,80630608.0
John Duigan,1.0,1.0
Colin Higgins,1.0,69701637.0
Jim Sonzero,1.0,29907685.0
Penelope Spheeris,1.0,121697323.0
Jeff Tremaine,4.0,406116832.0
Jeannot Szwarc,2.0,187884008.0
Steve McQueen,2.0,204693675.0
Thea Sharrock,1.0,207945075.0
Jon Lucas,2.0,232001746.0
Scott Moore,2.0,232001746.0
Robin Budd,1.0,109862682.0
Donovan Cook,1.0,109862682.0
Ava DuVernay,2.0,66787909.0
Steve Trenbirth,1.0,135680000.0
Mennan Yapo,1.0,84146832.0
Jun Falkenstein,1.0,45554533.0
Tom McCarthy,2.0,97026287.0
Takashi Shimizu,2.0,222618441.0
Gary Nelson,1.0,35841901.0
Anton Corbijn,3.0,105178687.0
Gregory Nava,1.0,60000000.0
John Patrick Shanley,1.0,50907234.0
Joshua Logan,1.0,31678778.0
Steve Beck,2.0,94949884.0
Todd Strauss-Schulson,1.0,35387212.0
John McNaughton,1.0,67200000.0
Nelson McCormick,2.0,14796237.0
Eric Valette,2.0,2.0
Andrew Fleming,4.0,52269468.0
Michael Spierig,1.0,51416464.0
Peter Spierig,1.0,51416464.0
Jim Field Smith,1.0,49779728.0
Thomas Bezucha,2.0,109708851.0
William Brent Bell,3.0,193051952.0
Ben Gluck,1.0,39300000.0
Anthony Bell,1.0,39300000.0
Jessica Bendinger,1.0,1.0
Henry Joost,3.0,432229120.0
Ariel Schulman,3.0,432229120.0
Ed Harris,2.0,20211395.0
Alfred Hitchcock,8.0,91500000.0
Shana Feste,3.0,59607114.0
Steve Rash,2.0,2297494.0
Mike Binder,3.0,43793498.0
Michael J. Bassett,1.0,52302796.0
Frank Nissen,1.0,55686944.0
Stephen Chow,3.0,190992676.0
Peter Hastings,1.0,1.0
Paul Abascal,1.0,16605763.0
Chris Koch,2.0,79896894.0
Amy Heckerling,4.0,66197587.0
Michael Moore,6.0,203360381.0
George Stevens,1.0,15473333.0
Billy Ray,2.0,37799742.0
Mark Mylod,1.0,30426096.0
Stephen St. Leger,1.0,32204030.0
James Mather,1.0,32204030.0
Michael O. Sajbel,2.0,13391175.0
Charles T. Kanganis,1.0,1.0
Damon Santostefano,1.0,1.0
Bob Clark,4.0,190582460.0
Frank Passingham,1.0,1.0
Dave Borthwick,1.0,1.0
Jean Duval,1.0,1.0
Benson Lee,1.0,16549477.0
Glen Morgan,2.0,30057517.0
Mike Leigh,5.0,23529765.0
Alejandro Monteverde,2.0,235583583.0
Jonathan Glazer,3.0,29305744.0
J.C. Chandor,3.0,37619829.0
Paul Gross,2.0,4245871.0
Marc Abraham,1.0,1.0
Todd Haynes,3.0,34082823.0
Mabrouk El Mechri,1.0,16863583.0
Charlie Kaufman,2.0,5659287.0
Nancy Walker,1.0,1.0
Angelo Pizzo,1.0,1.0
Matthew Diamond,1.0,1.0
Katsuhiro Ōtomo,2.0,553172.0
David Anspaugh,1.0,1.0
Andrew Jarecki,1.0,1.0
Daniel Algrant,1.0,1.0
Mike Barker,1.0,7619157.0
Wayne Thornley,1.0,1.0
Gnana Rajasekaran,1.0,1.0
Tom Walsh,1.0,1.0
Jonathan Jakubowicz,1.0,8700000.0
Scott Walker,1.0,5496951.0
Mark Rosman,2.0,70067910.0
Rob Hawk,1.0,1.0
Britt Allcroft,1.0,1.0
Alan Yuen,1.0,1.0
Brian Percival,1.0,76586316.0
Anand Tucker,3.0,41510769.0
Anthony Mann,2.0,34750000.0
Michael Dowse,2.0,7048688.0
Daniel Barnz,2.0,48476125.0
Emile Ardolino,1.0,2119994.0
Robert Altman,3.0,90254045.0
James Schamus,1.0,1.0
Andrew Douglas,1.0,108047131.0
Ricky Gervais,1.0,31912793.0
Matthew Robinson,1.0,31912793.0
Vic Armstrong,1.0,19682924.0
Terry Zwigoff,2.0,79032433.0
Audrey Wells,1.0,58878723.0
Rick Friedberg,1.0,59000000.0
Sean McNamara,2.0,61956504.0
Jody Hill,1.0,24007324.0
Brandon Camp,1.0,36133014.0
Kevin Tancharoen,2.0,18663239.0
Nicholas Hytner,3.0,77508766.0
Bart Freundlich,2.0,16702865.0
James Sbardellati,1.0,16702864.0
Peter Merwin,1.0,16702864.0
William A. Fraker,1.0,2945600.0
John Boorman,3.0,61957604.0
Courtney Solomon,2.0,40114075.0
Jeff Kanew,1.0,1.0
István Szabó,1.0,1.0
Matthew Robbins,1.0,14110013.0
Hal Needham,1.0,1.0
Jeff Nichols,4.0,30899297.0
Jonathan Teplitzky,1.0,22309223.0
Michael Haneke,3.0,27778365.0
Zack Ward,1.0,1.0
Mike Marvin,1.0,3500000.0
Gregor Jordan,2.0,382175.0
Olivier Assayas,3.0,5728647.0
Tran Anh Hung,1.0,1.0
Lance Hool,1.0,1.0
Christian Volckman,1.0,1831348.0
Rodrigo Cortés,2.0,32703654.0
David Hayter,1.0,1.0
Cory Edwards,1.0,51053787.0
Todd Edwards,1.0,51053787.0
Tony Leech,1.0,51053787.0
Terry George,1.0,38000000.0
Xavier Gens,2.0,99987753.0
Kasi Lemmons,3.0,7018191.0
Brian A Miller,1.0,266586800.0
Matt Dillon,1.0,1.0
George Cukor,1.0,72070731.0
John Robert Hoffman,1.0,1.0
Kevin Greutert,2.0,204384063.0
John Fortenberry,1.0,30331165.0
Erik White,1.0,1.0
Christian Robinson,1.0,21170563.0
Jason Moore,1.0,115350426.0
Robert Harmon,2.0,3289544.0
Trent Cooper,1.0,1.0
Gary Halvorson,1.0,1.0
Nicholas Ray,1.0,10000000.0
Guy Green,1.0,10000000.0
Fede Alvarez,1.0,97542952.0
Sidney J. Furie,1.0,19300000.0
Ian Iqbal Rashid,1.0,1.0
Wayne Kramer,2.0,9500001.0
Rowdy Herrington,2.0,30050029.0
Jim Goddard,1.0,1.0
Noel Marshall,1.0,2000000.0
Andrea Di Stefano,1.0,3758328.0
Guillaume Ivernel,1.0,1.0
Arthur Qwak,1.0,1.0
Jack Smight,2.0,20720000.0
Todd Lincoln ,1.0,9627492.0
Howard Zieff,2.0,2.0
Steven Shainberg,2.0,11585698.0
Julian Jarrold,2.0,37311673.0
Joe Nussbaum,3.0,23750076.0
Vadim Perelman,2.0,16942796.0
Michel Hazanavicius,1.0,133432856.0
Cyrus Nowrasteh,1.0,6490401.0
Perry Andelin Blake,1.0,1.0
Christian E. Christiansen,1.0,40492759.0
Sheldon Lettich,2.0,33386088.0
Diane English,1.0,50007546.0
Peter Flinth,1.0,1.0
Robert Iscove,3.0,128716527.0
Peter Kosminsky,1.0,21657770.0
Nick Gomez,1.0,15427192.0
Allen Coulter,1.0,56506120.0
Clare Kilner,2.0,47175039.0
Josef Rusnak,1.0,18564088.0
Lance Rivera,1.0,12.0
Ronald Neame,1.0,1.0
Bruce Paltrow,1.0,1.0
Adam Rifkin,2.0,4217116.0
Susanne Bier,1.0,2849142.0
Kenneth Johnson,1.0,1686429.0
James Ivory,7.0,72645113.0
Jessy Terrero,1.0,14822346.0
Dany Boon,1.0,53191886.0
Nicolas Guy,1.0,53191886.0
Vicente Amorim,1.0,1.0
Gaspar Noé,2.0,755041.0
Jérôme Salle,1.0,1.0
Tommy Lee Jones,2.0,15479002.0
Jesse Vaughan,1.0,1.0
William Bindley,1.0,1.0
Wayne Beach,1.0,1237615.0
Gérard Krawczyk,1.0,1.0
Udayan Prasad,1.0,317000.0
Yoon Je-kyoon,1.0,11301649.0
Morten Tyldum,2.0,249255415.0
Andy Muschietti,1.0,146497771.0
Gillian Armstrong,2.0,206006504.0
James Watkins,2.0,131714733.0
Jim Fall,1.0,55534455.0
Ric Roman Waugh,1.0,42930462.0
Michael Dougherty,1.0,61548707.0
Joel Gallen,1.0,66468332.0
James Marsh,2.0,126684666.0
Matt Williams,1.0,33771174.0
Dennis Iliadis,1.0,32721635.0
Rick Rosenthal,1.0,37664855.0
Denzel Washington,2.0,53593730.0
Nicolas Winding Refn,4.0,91986048.0
Sara Sugarman,1.0,29331068.0
Juan Carlos Fresnadillo,1.0,64238440.0
Gina Prince-Bythewood,3.0,80452240.0
Phil Traill,1.0,40105542.0
Joe Berlinger,1.0,21300000.0
Elizabeth Allen Rosenbaum,2.0,23006850.0
Michael Mayer,2.0,22548955.0
Martin Weisz,1.0,1.0
John Ottman,1.0,38574362.0
John Bonito,1.0,22165608.0
Peter Atencio,1.0,20566327.0
David Nutter,1.0,17507368.0
Derek Cianfrance,2.0,52051848.0
Stephan Elliott,2.0,2.0
Mark L. Lester,4.0,76855725.0
Tom Green,1.0,1.0
Mike Nawrocki,2.0,2.0
Catherine Owens,1.0,22730842.0
Douglas Aarniokoski,2.0,25843608.0
Bryan Barber,1.0,1.0
Lone Scherfig,2.0,85486285.0
Drew Barrymore,1.0,16633035.0
Brian Koppelman,2.0,17024782.0
David Levien,2.0,17024782.0
James Foley,3.0,36285658.0
Albert Brooks,1.0,1.0
Steve Gomer,1.0,1.0
RZA,1.0,15608545.0
Mark Piznarski,1.0,1.0
Craig Brewer,2.0,34467573.0
David Raynr,3.0,38102507.0
Mort Nathan,1.0,8586376.0
Dan Curtis,1.0,1.0
Wil Shriner,1.0,1.0
Martin McDonagh,2.0,53956044.0
Tina Gordon Chism,1.0,1.0
Peter Cattaneo,4.0,266753679.0
Mary Lambert,2.0,62686965.0
Peter Kassovitz,1.0,1.0
Rodman Flender,1.0,4152230.0
Katja von Garnier,1.0,1.0
Mark Romanek,2.0,61678538.0
Brad Anderson,5.0,83075991.0
Michael Chapman,1.0,1.0
Antonio Banderas,1.0,1.0
Khalil Sullins,1.0,1.0
Fritz Lang,1.0,650422.0
Hou Hsiao-hsien,1.0,632542.0
Andrey Zvyagintsev,1.0,1119929521.0
Tony Jaa,1.0,8936663.0
Panna Rittikrai,1.0,8936663.0
Ryûhei Kitamura,1.0,3533227.0
Darrell James Roodt,1.0,80634.0
Dito Montiel,1.0,1.0
Stefan Ruzowitzky,3.0,89352.0
Jake Paltrow,1.0,20380.0
Juraj Jakubisko,1.0,1.0
Anthony Silverston,1.0,27187375.0
Gabe Ibáñez,1.0,1.0
Gerry Lively,1.0,2598616.0
Daniele Luchetti,1.0,1.0
Derek Yee Tung-Sing,1.0,1.0
Julien Temple,1.0,1.0
Gregory Jacobs,1.0,122513057.0
Gilles Paquet-Brenner,1.0,17511906.0
Peter Cousens,1.0,1.0
Lars von Trier,3.0,62524095.0
John Cornell,1.0,239606210.0
Vidhu Vinod Chopra,1.0,1.0
Jamie Blanks,2.0,72527596.0
Randal Kleiser,3.0,275460036.0
Phil Vischer,1.0,1.0
Rick Famuyiwa,4.0,91818161.0
Alan Cohn,1.0,1.0
Franco Zeffirelli,1.0,21001563.0
Tom Holland,2.0,44196685.0
James Isaac,1.0,16951798.0
Emilio Estevez,1.0,20597806.0
Josh Schwartz,1.0,11417362.0
Julian Schnabel,2.0,22788842.0
Todd Field,2.0,58190437.0
Davis Guggenheim,3.0,54306859.0
Stephen Carpenter,1.0,1.0
James Fargo,1.0,1.0
Alain Resnais,1.0,1.0
Chao-Bin Su,1.0,1.0
Kenneth Lonergan,2.0,46496.0
Bo Zenga,1.0,1.0
Danny Leiner,2.0,97117631.0
Christopher Cain,2.0,44726645.0
Theodore Melfi,1.0,54837234.0
Ed Decter,1.0,1.0
Gene Quintano,1.0,1.0
Eric Bress,1.0,96060858.0
J. Mackye Gruber,1.0,96060858.0
Preston A. Whitmore II,2.0,7000001.0
Kirk Wong,1.0,27007143.0
Bronwen Hughes,1.0,1.0
John Lafia,1.0,35763605.0
Sam Miller,2.0,53830416.0
Alex Garland,1.0,36869414.0
Mark Brown,2.0,2.0
Michael Polish,5.0,15973591.0
Daisy von Scherler Mayer,2.0,28764118.0
Lenny Abrahamson,1.0,35401758.0
Bob Saget,2.0,2.0
John Waters,3.0,13820689.0
Craig Bolotin,1.0,1.0
Mark Christopher,1.0,16757163.0
Blair Hayes,1.0,1.0
Jez Butterworth,1.0,1.0
Isabel Coixet,2.0,14584321.0
Christopher Doyle,1.0,4857367.0
Gurinder Chadha,4.0,106709562.0
Gérard Depardieu,1.0,4857367.0
Sylvain Chomet,2.0,6335043.0
Bruno Podalydès,1.0,4857367.0
Nobuhiro Suwa,1.0,4857367.0
Oliver Schmitz,1.0,4857367.0
Daniela Thomas,1.0,4857367.0
Patrice Leconte,1.0,1.0
Paul Mazursky,1.0,9789900.0
Stephen Chbosky,1.0,33400000.0
Jon Hess,1.0,1200000.0
Joe Cornish,1.0,3964682.0
John H. Lee,1.0,1.0
John Stainton,1.0,33082548.0
Benedek Fliegauf,1.0,1.0
Paul Schrader,6.0,2118895.0
Stewart Hendler,1.0,27206120.0
John Cromwell,1.0,1.0
W.S. Van Dyke,1.0,1.0
Mark Herman,2.0,20416564.0
Abel Ferrara,1.0,1227324.0
Ethan Maniquis,1.0,31327899.0
George Hickenlooper,2.0,3665070.0
Kang Je-gyu,1.0,15.0
William Dear,2.0,4019980.0
Stéphane Aubier,1.0,8109160.0
Vincent Patar,1.0,8109160.0
Benjamin Renner,1.0,8109160.0
John Badham,1.0,79567667.0
Mike McCoy,1.0,81272766.0
Mike Judge,4.0,104290285.0
Tamra Davis,2.0,78601050.0
Nima Nourizadeh,1.0,100000000.0
Franklin J. Schaffner,3.0,90239565.0
John Erick Dowdle,4.0,168957466.0
David Moreau,1.0,56309766.0
Xavier Palud,1.0,56309766.0
Christopher Erskin,1.0,31179516.0
Brian Henson,1.0,27281507.0
Dan Cutforth,1.0,32726956.0
Jane Lipsitz,1.0,32726956.0
Josh Boone,1.0,307166834.0
Jake Schreier,2.0,88837338.0
Cheryl Dunye,1.0,51.0
Ernest R. Dickerson,1.0,1.0
Lionel C. Martin,1.0,13960203.0
Wallace Wolodarsky,1.0,1.0
Nicholas Jarecki,1.0,35485056.0
Dean Israelite,1.0,32248241.0
Darnell Martin,1.0,1.0
Scott Alexander,1.0,1.0
Larry Karaszewski,1.0,1.0
Stuart Gordon,2.0,6739142.0
Christopher Guest,4.0,45081828.0
Jane Campion,3.0,121140078.0
Fred Schepisi,1.0,1.0
Antonia Bird,1.0,1.0
Jon Poll,1.0,1.0
Paolo Sorrentino,1.0,8371085.0
Peter Care,1.0,1.0
Park Chan-wook,3.0,50860754.0
Ira Sachs,2.0,2843998.0
Carroll Ballard,2.0,37799644.0
Takeshi Kitano,1.0,15250000.0
Marco Kreuzpaintner,2.0,2.0
Lajos Koltai,1.0,1.0
Alan Rudolph,1.0,1.0
Lu Chuan,1.0,10652498.0
Lijun Sun,1.0,2570000.0
Takashi Yamazaki,1.0,11212294.0
Christopher Smith,2.0,2.0
Timothy Hines,1.0,1.0
David Winters,1.0,1.0
Akira Kurosawa,2.0,271842.0
Jamie Thraves,1.0,1.0
Mabel Cheung,1.0,1.0
Dan Mazer,1.0,94073028.0
R.J. Cutler,1.0,78874843.0
David S. Ward,1.0,49797148.0
Barnaby Thompson,1.0,1.0
Rob Pritts,1.0,23978402.0
John Crowley,1.0,62076141.0
Brendan Malloy,1.0,14782676.0
Emmett Malloy,1.0,14782676.0
Dustin Hoffman,1.0,59520298.0
Gregory Poirier,1.0,23430766.0
Simon Curtis,2.0,96677469.0
Dewey Nicks,1.0,6413915.0
Philip Saville,1.0,4069090.0
Tim Blake Nelson,1.0,16017403.0
William A. Graham,1.0,2807854.0
Martin Ritt,2.0,12200000.0
John Turturro,2.0,2945243.0
Agnieszka Holland,1.0,1.0
David Hackl,2.0,113857534.0
Giuliano Montaldo,1.0,1.0
Lisa Azuelos,1.0,1.0
Ray Lawrence,1.0,1.0
Karan Johar,2.0,59345360.0
Ruairi Robinson,1.0,1.0
Jaume Balagueró,4.0,48917682.0
Jon Kasdan,1.0,17500000.0
Léa Pool,2.0,25001.0
Floyd Mutrux,1.0,123509.0
Sajid Khan,1.0,1.0
Dean Wright,1.0,9622846.0
Eric Lartigau,1.0,82438670.0
Shintaro Shimosawa,1.0,1.0
Darren Lynn Bousman,5.0,456342668.0
James DeMonaco,3.0,316699354.0
Bernhard Wicki,1.0,50100000.0
Ken Annakin,1.0,50100000.0
Andrew Marton,1.0,50100000.0
Carol Reed,2.0,51802877.0
Chuck Sheetz,1.0,44460850.0
George Ogilvie,1.0,36230219.0
Marcus Raboy,2.0,33535904.0
Leigh Whannell,1.0,104303851.0
Michael Schultz,3.0,32558301.0
Peter Sollett,3.0,36363388.0
Bob Dolman,1.0,38068353.0
Greg Coolidge,1.0,38368909.0
David Lowery,1.0,143695338.0
Ciaran Foy,1.0,52882018.0
Salim Akil,2.0,62348079.0
Olatunde Osunsanmi,1.0,42333295.0
Leon Ichaso,1.0,1.0
Joseph Zito,2.0,32980881.0
Patricia Rozema,1.0,1.0
Rob Schmidt,1.0,28650575.0
Ben Garant,1.0,20342161.0
Morgan Spurlock,4.0,97833662.0
Neal Brennan,1.0,1.0
Tuck Tucker,1.0,1.0
Theodore Witcher,1.0,1.0
Joel Edgerton,1.0,58978653.0
Jim Hanon,1.0,1.0
Michael Patrick Jann,1.0,10571408.0
Jorma Taccone,1.0,6110000.0
Rusty Cundieff,2.0,44438988.0
James Duffy,1.0,32438988.0
Patrik Forsberg,1.0,32438988.0
Jonathan van Tulleken,1.0,32438988.0
Will Graham,1.0,32438988.0
Jeff Lowell,1.0,1.0
Lorene Scafaria,1.0,9636289.0
Marcus Dunstan,1.0,6842058.0
Timothy Bjorklund,1.0,1.0
François Girard,1.0,9495408.0
Scott Kalvert,1.0,1.0
Jason Bateman,1.0,7800000.0
David Schwimmer,2.0,33120000.0
Allan Arkush,1.0,2154696.0
Eric Bross,2.0,2.0
Dan Fogelman,1.0,10835752.0
Jay Duplass,4.0,4417583.0
Mark Duplass,4.0,4417583.0
Luca Guadagnino,1.0,10906568.0
John Putch,1.0,851690.0
Peter Medak,1.0,3275585.0
Terence Davies,1.0,5164404.0
Harley Cokeliss,1.0,1.0
Tom Brady,1.0,1.0
Jason Zada,1.0,40055439.0
Noah Baumbach,3.0,22755442.0
Eric Blakeney,1.0,1631839.0
Rakesh Roshan,1.0,1.0
Derrick Borte,1.0,7022728.0
Richard Kwietniowski,2.0,2.0
Bob Odenkirk,2.0,4630046.0
Joshua Seftel,1.0,1296184.0
Vincent Gallo,2.0,2375098.0
Claude Chabrol,2.0,156466132.0
Jon Stewart,1.0,1.0
Bigas Luna,1.0,1.0
Ralph Fiennes,1.0,1072602.0
Dan Harris,1.0,1.0
Mel Smith,1.0,1.0
Bobcat Goldthwait,1.0,295750.0
Jake Scott,1.0,42145.0
Alan Metter,1.0,126247.0
Rafa Lara,1.0,1.0
Alan Smithee,1.0,45779.0
Arthur Hiller,1.0,45779.0
Michael Meredith,1.0,1.0
Julio DePietro,1.0,1.0
Katherine Dieckmann,1.0,1.0
Kim Farrant,1.0,17472.0
Scott Marshall Smith,1.0,9465442.0
Álex de la Iglesia,1.0,1.0
Andrew Traucki,1.0,1.0
Michael Clancy,1.0,1.0
Robert Adetuyi,1.0,1.0
Kari Skogland,1.0,1.0
Taedong Park,1.0,1.0
Mauricio De la Orta,1.0,1.0
Benedikt Erlingsson,1.0,11.0
Jason Connery,1.0,1.0
Vic Sarin,2.0,2.0
Jim Issa,1.0,1.0
William Phillips,1.0,1.0
Andy García,1.0,4386236.0
Sarik Andreasyan,1.0,2931475.0
Julian Gilbey,2.0,25345001.0
Gary Sherman,1.0,14144000.0
Valeri Milev,1.0,1.0
Stanley Kramer,2.0,70000000.0
Pedro Almodóvar,1.0,85582407.0
Gerald Potterton,1.0,1.0
Anurag Basu,1.0,1.0
Kriv Stenders,1.0,1.0
Yash Chopra,2.0,55910000.0
Floria Sigismondi,1.0,2995811.0
Ferzan Ozpetek,1.0,8220215.0
Kris Isacsson,1.0,1.0
Ben Younger,1.0,28780255.0
Daniel Taplitz,1.0,1.0
Tamara Jenkins,2.0,2.0
Linda Mendoza,1.0,6126237.0
Hart Bochner,1.0,4350774.0
Stewart Raffill,2.0,531827.0
Na Hong-jin,1.0,1.0
Chatrichalerm Yukol,1.0,1.0
Dario Argento,1.0,1.0
Eric Lavaine,1.0,14348529.0
Marc Forby,1.0,771499.0
Ole Christian Madsen,1.0,1.0
Meiert Avis,1.0,1046166.0
André Téchiné,1.0,173185859.0
Emily Young,1.0,1.0
Peter Faiman,1.0,328203506.0
Martyn Pick,1.0,1.0
Roland Suso Richter,1.0,1.0
Jeremy Sims,1.0,1.0
Maïwenn,1.0,20374201.0
Joby Harold,1.0,14373825.0
Ekachai Uekrongtham,1.0,1.0
Mark Rydell,1.0,29174648.0
David E. Talbert,1.0,22456509.0
Roger Vadim,1.0,2500000.0
Nils Gaup,1.0,1.0
Ari Sandel,1.0,43528634.0
Vondie Curtis-Hall,1.0,5271666.0
Tom Elkins,1.0,5127434.0
Kang Woo-Suk,1.0,30000000.0
John Sayles,4.0,15267772.0
Vipul Amrutlal Shah,1.0,1.0
Ken Loach,1.0,22889018.0
Ayan Mukherjee,1.0,46000000.0
Mervyn LeRoy,1.0,30000000.0
Serdar Akar,1.0,1.0
Sadullah Şentürk,1.0,1.0
James Frawley,1.0,76657000.0
Dan Gilroy,1.0,38697217.0
Jonathan Dayton,1.0,100523181.0
Valerie Faris,1.0,100523181.0
Chris Stokes,2.0,2.0
Don Siegel,1.0,43000000.0
Martin Lawrence,2.0,19184016.0
Masayuki Ochiai,1.0,294804195.0
Tom Gormican,1.0,26049082.0
Ken Shapiro,1.0,1.0
Justin Tipping,1.0,1.0
Peter R. Hunt,1.0,81974493.0
Doug Atchison,1.0,18948425.0
Jonas Elmer,1.0,29010817.0
Mary Harron,1.0,34266564.0
Erik Canuel,1.0,12671300.0
Troy Duffy,2.0,10659792.0
Nicole Holofcener,5.0,42844242.0
Matty Rich,2.0,8880706.0
Fina Torres,1.0,1.0
Duke Johnson,1.0,5659286.0
François Ozon,2.0,22441324.0
Ryan Fleck,2.0,11402965.0
Anna Boden,1.0,6491240.0
Steve James,2.0,8419915.0
Michael Winner,1.0,1.0
Tomm Moore,1.0,1.0
Nora Twomey,1.0,1.0
John Carney,2.0,84175374.0
David Jacobson,1.0,852872.0
Michael Corrente,2.0,7750407.0
Edward Hall,1.0,1.0
Keith Gordon,1.0,1.0
Andrew Currie,1.0,426224.0
Luke Wilson,1.0,1.0
Andrew Wilson,1.0,1.0
Marc Schölermann,1.0,1.0
Coky Giedroyc,1.0,1.0
Robert Moresco,1.0,143451.0
Thomas Vinterberg,3.0,16800002.0
Claudia Llosa,1.0,53086.0
Charles Binamé,1.0,2019009.0
Keith Parmer,1.0,1.0
Ol Parker,2.0,2455832.0
James Nunn,1.0,1.0
David Webb Peoples,1.0,882290.0
Michael Winnick,1.0,1.0
Stanley Tong,1.0,32392047.0
David Oelhoffen,1.0,1.0
Tony Richardson,2.0,37600001.0
Charles Robert Carner,1.0,1.0
Russell Holt,1.0,3347647.0
Claude Miller,1.0,1.0
Sacha Bennett,1.0,1.0
Rodrigo García,2.0,5634829.0
Jeta Amata,1.0,1.0
Siddharth Anand,1.0,14369905.0
Vincent Paronnaud,1.0,25399540.0
Marjane Satrapi,1.0,25399540.0
Dennis Gansel,1.0,19000000.0
Daniel Barber,1.0,10329747.0
Robert Marcarelli,1.0,2400000.0
Ernie Barbarash,2.0,2.0
Guy Hamilton,6.0,507480446.0
Adam Brooks,1.0,55447968.0
Michael Anderson,1.0,25000000.0
James D. Stern,1.0,21268532.0
Don Kempf,1.0,21268532.0
Matt Bettinelli-Olpin,1.0,36433975.0
Tyler Gillett,1.0,36433975.0
Sharron Miller,1.0,1.0
Aaron Schneider,1.0,1.0
Tom Ford,1.0,1.0
Tony Maylam,1.0,5.0
Mitch Davis,2.0,4720372.0
Kevin Brodie,1.0,1.0
Lynne Ramsay,2.0,6038943.0
John Stephenson,1.0,1.0
Tim Chambers,1.0,1.0
Dick Richards,1.0,3243088.0
Bob Gosse,1.0,1429299.0
Alex Zamm,1.0,1.0
Spencer Susser,1.0,382946.0
Thaddeus O'Sullivan,1.0,1.0
Shari Springer Berman,2.0,6456666.0
Robert Pulcini,2.0,6456666.0
Aleksey German,1.0,1310673.0
Stephen Milburn Anderson,1.0,46488.0
Richard E. Grant,1.0,13834044.0
David Lam,1.0,17234954.0
Vladlen Barbe,1.0,12400000.0
Maksim Sveshnikov,1.0,12400000.0
Richard Rich,1.0,1.0
Robert C. Cooper,1.0,8900000.0
Kim Nguyen,1.0,1.0
Jackie Earle Haley,1.0,1.0
Max Färberböck,1.0,1.0
Arie Posin,1.0,1.0
Damian Nieman,1.0,1.0
Mark Tonderai,1.0,44287131.0
Ian Fitzgibbon,1.0,1.0
Rachel Perkins,1.0,7.0
Luis Valdez,1.0,54215416.0
Alan Alda,1.0,1.0
Louis Morneau,1.0,10.0
Caroline Link,1.0,17873182.0
Sterling Van Wagenen,1.0,2025032.0
Zal Batmanglij,2.0,2401511.0
Hans Petter Moland,1.0,1.0
Oren Moverman,1.0,1521261.0
Ian Sharp,1.0,1.0
Wolfgang Becker,1.0,79384880.0
Dan O'Bannon,1.0,14237000.0
George Roy Hill,2.0,261925216.0
Robert Stevenson,1.0,102272727.0
Jerome Robbins,1.0,43656822.0
Gary Hardwick,1.0,1.0
King Vidor,3.0,54600000.0
Fred Savage,1.0,18197398.0
Sammo Hung,1.0,18814720.0
Dominique Othenin-Girard,1.0,11642254.0
Jean-Jacques Mantello,1.0,7518876.0
Risa Bramon Garcia,1.0,6852450.0
Brian Klugman,1.0,13231461.0
Lee Sternthal,1.0,13231461.0
Matt Piedmont,1.0,1.0
Raymond De Felitta,1.0,6670712.0
John Michael McDonagh,1.0,19560274.0
Deb Hagan,1.0,6230276.0
Zach Cregger,1.0,1.0
Trevor Moore,1.0,1.0
Zach Braff,2.0,32265022.0
Mark Tarlov,1.0,4398989.0
John Cameron Mitchell,3.0,10308096.0
Jon Knautz,3.0,3.0
David Atkins,1.0,2025238.0
Patrick Stettner,2.0,2.0
Sam Peckinpah,4.0,16653514.0
Michael Crichton,1.0,1.0
Sylvio Tabet,1.0,869325.0
Rick Bieber,1.0,399611.0
Joey Lauren Adams,1.0,1.0
Fred Zinnemann,5.0,79650001.0
S.R. Bindler,1.0,69497.0
Greg Marcks,1.0,1.0
Perry Lang,1.0,1.0
Jake Goldberger,1.0,1.0
William Kaufman,2.0,2.0
Jim O'Hanlon,1.0,1.0
Cédric Klapisch,2.0,3897800.0
Kate Barker-Froyland,1.0,32251.0
Martin Koolhoven,1.0,530048.0
Charles Matthau,1.0,1.0
Christopher Bessette,1.0,1.0
Prachya Pinkaew,1.0,27165581.0
Gary Sinyor,1.0,1.0
Ashish R. Mohan,1.0,126.0
Paco Plaza,2.0,48917680.0
Darren Grant,1.0,50652203.0
Joseph Gordon-Levitt,1.0,30450756.0
William Sachs,1.0,4865000.0
Christophe Barratier,1.0,83580170.0
Émile Gaudreault,1.0,3031801.0
James Cox,3.0,2466446.0
James Toback,2.0,10057193.0
Aki Kaurismäki,1.0,1.0
Hitoshi Matsumoto,1.0,1.0
Rakeysh Omprakash Mehra,1.0,11502151.0
Collin Schiffli,1.0,28443455.0
George Ratliff,1.0,1.0
Shane Meadows,4.0,8176547.0
Jon Wright,1.0,1.0
Michael McGowan,1.0,1.0
Liv Ullmann,1.0,5000000.0
Rohan Sippy,1.0,1.0
Dan Trachtenberg,1.0,108286421.0
David F. Sandberg,1.0,44107032.0
Stiles White,1.0,103590271.0
Eugenio Derbez,1.0,99067206.0
Henry Koster,1.0,36000000.0
Patty Jenkins,1.0,60378584.0
Christopher B. Landon,1.0,86362372.0
David Gelb,1.0,64110728.0
Mike Flanagan,2.0,44030247.0
Nat Faxon,1.0,23198652.0
Jim Rash,1.0,23198652.0
Doug McHenry,1.0,1.0
George Jackson,1.0,1.0
George T. Miller,1.0,20659423.0
Maurice Joyce,1.0,1.0
Robert Duvall,1.0,1.0
Frank Perry,1.0,25032261.0
Jesse Peretz,2.0,17314135.0
Ice Cube,1.0,1.0
Richard Glatzer,2.0,43884653.0
Wash Westmoreland,2.0,43884653.0
Michael Curtiz,3.0,28198500.0
Bruce Malmuth,1.0,19905359.0
Rob Hedden,1.0,14000000.0
Harmony Korine,1.0,31724284.0
Joe Chappelle,1.0,15116634.0
Mickey Liddell,1.0,1.0
Fred Walton,1.0,1.0
Steve Carver,1.0,12232628.0
Gonzalo López-Gallego,1.0,25562924.0
Christine Jeffs,1.0,16174377.0
Don Coscarelli,3.0,21339380.0
Michael Tiddes,3.0,106646682.0
Bill Duke,1.0,1.0
Frank Borzage,1.0,25.0
Mamoru Hosoda,1.0,7012038.0
Shigeyasu Yamauchi,1.0,7012038.0
Brian Dannelly,1.0,10156933.0
Denys Arcand,1.0,3432342.0
J.S. Cardone,1.0,8704851.0
Jay Levey,1.0,1.0
Nicholaus Goossen,1.0,6538177.0
Scott Marshall,1.0,1.0
Ronan Chapalain,1.0,4074023.0
Pascal Vuong,1.0,4074023.0
Xavier Beauvois,1.0,41424067.0
Randall Miller,1.0,4040588.0
Jerry Belson,1.0,1.0
Dan Rush,1.0,2614773.0
Michael Cuesta,2.0,4118038.0
Fenton Bailey,2.0,1396519.0
Randy Barbato,2.0,1396519.0
Jeremy Saulnier,2.0,3478755.0
Billy Kent,1.0,1.0
James Manera,1.0,846704.0
Feroz Abbas Khan,1.0,2015004.0
Errol Morris,1.0,1.0
Dennis Hopper,1.0,1.0
Eli Craig,1.0,5476793.0
Nicholas Fackler,1.0,1.0
Richard Wallace,1.0,1.0
Morgan J. Freeman,2.0,2.0
Matthew Hastings,1.0,1.0
Klaus Menzel,1.0,1.0
Oren Peli,2.0,193355801.0
Paul Andrew Williams,2.0,2.0
William H. Macy,1.0,1.0
Barrett Esposito,1.0,1.0
Vicky Jewson,1.0,1.0
Marcia Bennett,1.0,1.0
Stanton Barrett,1.0,1856725.0
Jiří Menzel,1.0,1.0
Fatih Akin,1.0,17872796.0
Nick Murphy ,2.0,414561242.0
Frank LaLoggia,1.0,10000000.0
Jeremy Brock,1.0,1.0
Scott Foley,1.0,1.0
Christophe Ali,1.0,1.0
Nicolas Bonilauri,1.0,1.0
Gabriela Tagliavini,1.0,1.0
Shona Auerbach,1.0,1.0
Leonard Farlinger,1.0,1.0
Michel Leclerc,1.0,1.0
Analeine Cal y Mayor,1.0,1.0
Tom Kalin,1.0,1.0
Robert Sarkies,1.0,1.0
John Huston,2.0,18600000.0
Walter Lang,2.0,2.0
Carlos Saura,1.0,1.0
Jon Erwin,1.0,10429707.0
Andrew Erwin,2.0,15785554.0
Beto Gómez,1.0,1.0
Mike van Diem,1.0,1.0
Jonas Åkerlund,2.0,2.0
Todd Solondz,3.0,3552207.0
René Féret,1.0,1.0
Barry Skolnick,1.0,7310206.0
Johnnie To,1.0,1.0
Mateo Gil,1.0,623528.0
Lukas Moodysson,1.0,1.0
Agnieszka Wojtowicz-Vosloo,1.0,3606395.0
Kabir Sadanand,1.0,1.0
Peter DeLuise,1.0,1.0
Raja Menon,1.0,32000000.0
Kevin Sullivan,1.0,1.0
Nick Love,2.0,6294162.0
Ivan Engler,1.0,1.0
Ralph Etter,1.0,1.0
Cecil B. DeMille,1.0,36000000.0
Henry Hobson,1.0,187112.0
Mike Figgis,2.0,49800001.0
Duane Journey,1.0,298688.0
Billy Wilder,4.0,61000001.0
Lisa Cholodenko,1.0,34705850.0
John Sturges,1.0,11744471.0
William Arntz,1.0,10000000.0
Betsy Chasse,1.0,10000000.0
Ed Gass-Donnelly,1.0,15179302.0
DJ Pooh,2.0,19229331.0
James Melkonian,1.0,1.0
Roger Avary,2.0,5692259.0
Allison Anders,2.0,4300001.0
Alexandre Rockwell,1.0,4300000.0
Rick de Oliveira,1.0,1.0
Jeff Franklin,1.0,1.0
Mike Mills,2.0,7252123.0
Dave McKean,1.0,866999.0
Ron Fricke,1.0,5966671.0
Ruggero Deodato,1.0,1.0
Gavin Wiesen,1.0,1406224.0
Mora Stephens,1.0,1.0
Mars Callahan,1.0,1.0
Leos Carax,1.0,641100.0
Stefan Schwartz,1.0,302204.0
Robert Lee King,1.0,1.0
Jorge Ramírez Suárez,1.0,1.0
Dan Ireland,1.0,1.0
Fernando León de Aranoa,1.0,146402.0
Jim Mickle,1.0,33245.0
Karim Aïnouz,1.0,1.0
Sam Levinson,1.0,355688.0
Aleksandr Veledinskiy,1.0,4037782.0
Peter H. Hunt,1.0,1.0
Ruba Nadda,1.0,1.0
James Whale,1.0,8000000.0
Howard Hughes,1.0,8000000.0
Edmund Goulding,1.0,8000000.0
Edward Burns,4.0,9482582.0
Sean Byrne,1.0,1.0
Mark Griffiths,1.0,1.0
Bruce MacDonald,1.0,1.0
Victor Fleming,3.0,439294426.0
Richard Raymond,1.0,1.0
George Sidney,3.0,25892000.0
Chris Morris,1.0,4270000.0
Andrucha Waddington,1.0,1.0
Peter Stebbings,1.0,44462.0
Vincente Minnelli,1.0,2956000.0
Dagur Kári,1.0,1.0
Jim Abrahams,1.0,83453539.0
Kevin Carraway,1.0,1.0
Michael Gornick,1.0,14000000.0
Richard Brooks,4.0,40977876.0
Robert Eggers,1.0,40423945.0
Michael Martin,1.0,1.0
Gideon Raff,1.0,239268602.0
Louis C.K.,1.0,1.0
Anthony C. Ferrante,1.0,1.0
Salvador Carrasco,1.0,1.0
André Øvredal,1.0,4159678.0
Robert Cary,1.0,1.0
Adam Rapp,1.0,113783.0
Warren P. Sonoda,1.0,1.0
Amanda Gusack,1.0,1.0
Avi Nesher,1.0,1.0
Charles Adelman,1.0,1.0
Jay Oliva,1.0,1.0
Charles Ferguson,3.0,9303146.0
Mark Young,1.0,1.0
"Daniel Petrie, Jr.",1.0,1.0
Antonio Simoncini,1.0,1.0
Luc Jacquet,1.0,127392239.0
Jérôme Maison,1.0,127392239.0
Eldar Rapaport,1.0,73745738.0
Clark Gregg,1.0,3830137.0
Damien Chazelle,1.0,13092000.0
Kátia Lund,1.0,30641770.0
Justin Kerrigan,1.0,4000000.0
Nathan Frankowski,1.0,1.0
Karen Moncrieff,2.0,464001.0
Jonathan Silverman,1.0,45000.0
Jennifer Finnigan,1.0,45000.0
Eric Styles,1.0,7.0
Laurent Cantet,1.0,28814580.0
John Ford,4.0,26000000.0
Max Mayer,1.0,2277396.0
Joshua Marston,1.0,1.0
John Gulager,1.0,658573.0
Brandon Cronenberg,1.0,1.0
Frank Capra,5.0,36177225.0
Tod Williams,1.0,177512032.0
Ted Post,2.0,25799718.0
Michael Haigney,1.0,68411275.0
Kunihiko Yuyama,1.0,68411275.0
Tom McLoughlin,1.0,19472057.0
Adam Marcus,1.0,15938065.0
John Maclean,1.0,229094.0
Benny Boom,1.0,1.0
Howard Hawks,1.0,9012000.0
Arthur Rosson,1.0,9012000.0
Nnegest Likké,1.0,1.0
Christopher Leitch,1.0,1.0
Patricia Cardoso,2.0,2.0
Damien O'Donnell,1.0,28200000.0
Peter M. Cohen,1.0,1.0
Mel Stuart,1.0,4000000.0
Anthony Hickox,1.0,1.0
Tom Schulman,1.0,1.0
Jill Sprecher,2.0,418489.0
Darren Stein,2.0,3076821.0
David Nixon,1.0,1.0
Patrick Doughtie,1.0,1.0
Enrique Begné,1.0,7353544.0
Matthew Bright,1.0,1.0
Michael Landon Jr.,2.0,2.0
Andrea Arnold,1.0,2357852.0
Whit Stillman,2.0,2.0
Leslye Headland,1.0,11947954.0
Bobby Roth,1.0,1.0
Tim Heidecker,1.0,1.0
Eric Wareheim,1.0,1.0
Michael Worth,1.0,1.0
Kate Connor,1.0,1.0
Deon Taylor,1.0,1.0
Jason Alexander,1.0,1.0
Conor McPherson,1.0,698491347.0
Will Canon,1.0,3387000.0
Philip Zlotorynski,1.0,1.0
Lance Kawas,1.0,1.0
Francesca Gregorini,1.0,1.0
Tatiana von Furstenberg,1.0,1.0
Márcio Garcia,1.0,1.0
Craig Moss,2.0,2.0
Michael Jai White,1.0,1.0
Paolo Monico,1.0,1.0
Youssef Delara,2.0,2.0
Victor Teran,1.0,1.0
Darin Scott,1.0,1.0
Christian Sesma,1.0,1.0
Monte Hellman,1.0,26160000.0
Brian Caunter,1.0,1.0
Chris D'Arienzo,1.0,1.0
Isaac Florentine,1.0,1.0
Heidi Ewing,1.0,103735.0
Rachel Grady,1.0,103735.0
Alex Gibney,2.0,378396.0
Eugene Jarecki,1.0,103735.0
Leon Ford,1.0,1.0
Hank Braxtan,1.0,1.0
John Carl Buechler,1.0,19170001.0
Rajkumar Hirani,1.0,31517561.0
Victor Nunez,2.0,1001438.0
Rohit Jugraj,1.0,1.0
Kresten Vestbjerg Andersen,1.0,1.0
Thorbjørn Christoffersen,1.0,1.0
Alex van Warmerdam,1.0,1715078.0
Paweł Pawlikowski,2.0,10700001.0
Frank Sebastiano,1.0,1.0
Stacy Peralta,2.0,3166001.0
Nacho Vigalondo,1.0,553198.0
Ning Hao,2.0,2.0
Tony Giglio,1.0,680299.0
Stanley Donen,1.0,7200000.0
Gene Kelly,1.0,7200000.0
Joe Cross,1.0,1.0
Kurt Engfehr,1.0,1.0
John Sullivan,1.0,33400000.0
Dinesh D'Souza,1.0,33400000.0
Tommy Lee Wallace,1.0,14400000.0
Don Taylor,1.0,12348905.0
Leslie Small,2.0,39943343.0
Éric Tessier,1.0,1.0
Alison Maclean,1.0,1.0
Alice Wu,1.0,1.0
Sarah Gavron,1.0,1.0
James Ponsoldt,1.0,6854611.0
Joshua Tickell,1.0,1.0
Tim Boxell,1.0,1.0
Michael D. Sellers,1.0,71904.0
Reed Cowan,1.0,1.0
Steven Greenstreet,1.0,1.0
James Dodson,1.0,1.0
Alex Rivera,1.0,107559.0
John Murlowski,1.0,1.0
Benni Diez,1.0,1.0
Danny Perez,1.0,1.0
Robby Henson,1.0,1.0
Zackary Adler,1.0,1.0
Dominic Burns,1.0,1.0
Carmen Marron,1.0,1.0
Jason Stone,1.0,1.0
Jerry Rees,1.0,1.0
David Hand,3.0,535692636.0
Samuel Armstrong,2.0,350767150.0
William Roberts,2.0,350767150.0
Paul Satterfield,2.0,350767150.0
Jim Handley,1.0,83320000.0
Ford Beebe,1.0,83320000.0
T. Hee,1.0,83320000.0
Wilfred Jackson,1.0,83320000.0
Norman Ferguson,1.0,83320000.0
Jaco Booyens,1.0,1.0
Danny Steinmann,1.0,21930418.0
Jon Gunn,3.0,3.0
Hayley Cloake,1.0,1.0
Tay Garnett,1.0,9132000.0
Shyam Madiraju,1.0,1.0
Harmage Singh Kalirai,1.0,1.0
Rita Merson,1.0,1.0
William Wyler,1.0,23650000.0
Larry Clark,2.0,7893027.0
Petter Næss,1.0,1.0
Robert Fontaine,1.0,3330.0
Neil Mcenery-West,1.0,1.0
Anthony O'Brien,1.0,1.0
Lloyd Kaufman,3.0,3.0
Michael Herz,2.0,2.0
David Robert Mitchell,1.0,14674076.0
Robert Mulligan,1.0,13129846.0
Liu Chia-Liang,1.0,311546543.0
Chris Kentis,2.0,67769626.0
Laura Lau,1.0,13101672.0
Alex Kendrick,4.0,78156870.0
Robert Rossen,1.0,7600000.0
Jack Conway,1.0,9172000.0
Chris Eyre,1.0,1.0
Elia Kazan,3.0,25400000.0
Debra Granik,1.0,13831503.0
Henry King,1.0,4000000.0
Miranda July,1.0,1.0
Max Joseph,1.0,11122090.0
Jim Jarmusch,1.0,6072444.0
Kevin Tenney,1.0,1.0
Ari Folman,1.0,11125849.0
Marielle Heller,1.0,1477002.0
David Sington,1.0,1.0
Kelly Reichardt,3.0,876304.0
Bob Giraldi,1.0,1.0
Huck Botko,1.0,563706.0
Andrew Gurland,1.0,563706.0
David Duchovny,1.0,1.0
Mitchell Lichtenstein,1.0,1.0
Lance Mungia,1.0,124494.0
Hue Rhodes,1.0,111731.0
Danny Provenzano,1.0,1.0
Bill Muir,1.0,1.0
Noah Buschel,1.0,1.0
Brian Yuzna,1.0,54207.0
Hunter Richards,1.0,1.0
Laurie Collyer,1.0,622806.0
Aaron Hann,1.0,1.0
Mario Miscione,1.0,1.0
Phil Claydon,1.0,1.0
Ralph Ziman,1.0,1.0
John Simpson,1.0,1.0
Colin Minihan,1.0,1.0
Stuart Ortiz,1.0,1.0
Conor McMahon,1.0,95000.0
Chris Shadley,1.0,1.0
Simon Napier-Bell,1.0,1.0
Simon Yin,1.0,1.0
Jeff Crook,1.0,1.0
Josh Crook,1.0,1.0
Orson Welles,1.0,1.0
Dave Payne,1.0,1.0
Brad Copeland,1.0,1.0
Paul Bunnell,1.0,1.0
Phil Morrison,1.0,1.0
Harald Reinl,1.0,1.0
Tanner Beard,1.0,1.0
Scott Dow,1.0,1.0
Derick Martini,1.0,1.0
Jerry Dugan,1.0,1.0
Tim Hunter,1.0,1.0
Richard Ayoade,1.0,864659.0
Jehane Noujaim,1.0,1.0
Jean-Marc Barr,1.0,1.0
Pascal Arnold,1.0,1.0
Remo D'Souza,1.0,222000.0
John Laing,1.0,1.0
Jamal Hill,1.0,1.0
Daniel Stamm,1.0,67738090.0
Carlos Carrera,1.0,1.0
Benh Zeitlin,1.0,21107746.0
J. Lee Thompson,2.0,18544595.0
Maggie Greenwald,1.0,1.0
Vera Farmiga,1.0,841733.0
Vijay Chandar,1.0,1.0
Jonathan Wacks,1.0,1.0
Khyentse Norbu,1.0,1.0
Tony Krantz,1.0,1.0
Mitchell Altieri,1.0,1.0
W.D. Hogan,1.0,1.0
Corey Grant,1.0,1.0
Lucky McKee,1.0,150277.0
Richard Boddington,1.0,1.0
Steven R. Monroe,1.0,572809.0
Mark Illsley,1.0,1943649.0
Ritesh Batra,1.0,4235151.0
Sally Potter,1.0,228990976.0
Brad J. Silverman,1.0,1.0
Dave Meyers,1.0,6033999.0
David M. Matthews,1.0,2592808.0
Nadine Labaki,1.0,1.0
Lluís Quílez,1.0,1.0
Eytan Fox,1.0,1.0
Romesh Sharma,1.0,1.0
François Truffaut,1.0,1214006.0
Adam Goldberg,1.0,1.0
Travis Zariwny,1.0,30553394.0
Adrienne Shelly,1.0,22179430.0
Newt Arnold,1.0,11806119.0
Alex Cox,1.0,2300000.0
Fabián Bielinsky,1.0,1.0
Dror Moreh,1.0,1.0
Rebecca Miller,1.0,712294.0
Maggie Carey,1.0,3566225.0
Henry Bean,1.0,416925.0
Simeon Rice,1.0,1.0
Jeff Garlin,1.0,1.0
Qasim Basir,1.0,330048.0
Adam Green,1.0,1.0
Charlie Chaplin,1.0,8500000.0
Pete Jones,1.0,1.0
Bruce Campbell,1.0,173066.0
Adam Carolla,1.0,1.0
Kevin Hench,1.0,1.0
Bruce McDonald,1.0,32000.0
James Mottern,1.0,1.0
Gerard Johnstone,1.0,1.0
Robert Greenwald,2.0,2.0
David Ray,1.0,1.0
David Rodriguez,1.0,1.0
Nae Caranfil,1.0,1.0
David Winning,1.0,1500000.0
Frank Lotito,1.0,1.0
Timothy Woodward Jr.,1.0,1.0
Tara Subkoff,1.0,1.0
Russell Friedenberg,1.0,1.0
Lucrecia Martel,1.0,1.0
Edward Dmytryk,1.0,2620000.0
Zak Penn,1.0,1.0
Alex Ranarivelo,1.0,1.0
Trevor Matthews,1.0,1.0
Mathieu Amalric,1.0,1.0
David Worth,1.0,1.0
Leslie H. Martinson,1.0,411348924.0
Robert M. Young,1.0,1.0
Steve Buscemi,2.0,2.0
Ham Tran,1.0,639000.0
Rich Cowan,1.0,619042.0
Boris Rodriguez,1.0,1632.0
Sadyk Sher-Niyaz,1.0,1.0
Paul Donovan,1.0,1.0
Digby Cook,1.0,1.0
Jonathan Kesselman,1.0,1.0
Arjun Sablok,1.0,1.0
Tyler Oliver,1.0,1.0
Douglas Cheek,1.0,3412497.0
Michael D. Olmos,1.0,1.0
Deryck Broom,1.0,1.0
Henry Hathaway,1.0,8500000.0
Giovanni Zelko,1.0,1.0
Claudia Sainte-Luce,1.0,1.0
Jamie Babbit,2.0,2976636.0
David Boyd,1.0,2861020.0
Anna Muylaert,1.0,1.0
Steve Taylor,1.0,1.0
James David Pasternak,1.0,1.0
Laurent Bouhnik,1.0,1.0
Tom Sanchez,1.0,1.0
David Caffrey,1.0,1.0
Adam Jay Epstein,1.0,1.0
Andrew Jacobson,1.0,1.0
Justin Thomas Ostensen,1.0,1.0
Ossie Davis,1.0,1.0
Jay Alaimo,1.0,1.0
Dylan Bank,1.0,1.0
Rob McKittrick,1.0,18637690.0
Jeff Burr,1.0,1400000.0
Guy Maddin,1.0,97077.0
Regardt van den Bergh,1.0,1.0
Panos Cosmatos,1.0,1.0
Gareth Evans,1.0,4105187.0
Matthew R. Anderson,1.0,1.0
Edward Conna,1.0,1.0
Joe Marino,1.0,1.0
Joel Anderson,1.0,1.0
Shimit Amin,1.0,1.0
Douglas Trumbull,1.0,1.0
Mona Lerche,1.0,1.0
Levan Gabriadze,1.0,62882090.0
Bradley Parker,1.0,18112929.0
Clive Barker,1.0,14564027.0
Harold Cronk,1.0,23507567.0
Takao Okawara,1.0,10037390.0
Duncan Tucker,1.0,13350369.0
Russ Meyer,1.0,40000000.0
Robert D. Webb,1.0,9000000.0
Allan Dwan,1.0,7800000.0
Andrew Steggall,1.0,1.0
Ben Lewin,1.0,9138338.0
Robert Kenner,1.0,1.0
Jon Erwin ,1.0,5355847.0
Craig Johnson,1.0,5284309.0
Sean Durkin,1.0,3538446.0
Gillian Robespierre,1.0,3123963.0
Courtney Hunt,1.0,1.0
Morgan Neville,1.0,5892661.0
Chris Paine,1.0,1678874.0
Greg Berlanti,1.0,1744858.0
Marc Levin,1.0,1.0
Richard Dutcher,1.0,852206.0
Khalid Mohammed,1.0,623791.0
Gia Coppola,1.0,1.0
Scandar Copti,1.0,1.0
Yaron Shani,1.0,1.0
Goran Dukic,1.0,1.0
Mike Cahill,2.0,2113407.0
Kyle Rankin,1.0,1.0
Efram Potelle,1.0,1.0
Joshua Oppenheimer,1.0,444575.0
Christine Cynn,1.0,444575.0
Anonymous,1.0,444575.0
Paul Crowder,1.0,1.0
John Dower,1.0,1.0
Rohit Jagessar,1.0,1.0
Anthony Powell,1.0,1.0
Kief Davidson,1.0,1.0
Daniel Junge,1.0,1.0
Johnny Remo,1.0,1.0
Vivek Agnihotri,1.0,1.0
Ti West,2.0,78397.0
Nick Tomnay,1.0,14870.0
Nickolas Perry,1.0,1.0
Dan Zukovic,1.0,1.0
Becky Smith,1.0,1.0
Eric Nicholas,1.0,10018.0
Benjamin Dickinson,1.0,1.0
Hal Haberman,1.0,7202.0
Jeremy Passmore,1.0,7202.0
Frank Whaley,1.0,1.0
Amat Escalante,1.0,1.0
Katherine Brooks,1.0,1.0
David Cross,1.0,1.0
Randall Rubin,1.0,1.0
Jon Schroder,1.0,1.0
Robert Bennett,1.0,1.0
Mary Pat Kelly,1.0,1.0
Lori Petty,1.0,1.0
Charlie Levi,1.0,1.0
Kevin Hamedani,1.0,1.0
David DeCoteau,2.0,2.0
Mikel Rueda,1.0,1.0
Stefan C. Schaefer,1.0,1.0
Michael Taliferro,1.0,1.0
Katie Aselton,1.0,1.0
Robert Heath,1.0,95330493.0
D. Stevens,1.0,1.0
Jeffrey St. Jules,1.0,1.0
Robert Hall,1.0,1.0
Kevin King,1.0,1.0
Jonathan Meyers,1.0,1.0
Ralph Nelson,1.0,814666.0
Blair Erickson,1.0,1.0
Allison Burnett,1.0,1.0
Richard Schenkman,2.0,2.0
Sanjay Rawal,1.0,1.0
Kat Coiro,1.0,30905.0
Cristian Mungiu,1.0,1185783.0
Joseph Graham,1.0,1.0
Brian Dorton,1.0,1.0
Lee Matthews,1.0,1.0
Manuel Marín,1.0,1.0
Maryam Keshavarz,1.0,1.0
Ramaa Mosley,1.0,1.0
Graham Heid,1.0,267447150.0
Norman Wright,1.0,267447150.0
C. Jay Cox,2.0,819940.0
Mariette Monpierre,1.0,1.0
Tommy Oliver,1.0,1.0
Jamie Travis,1.0,1243961.0
Rich Christiano,1.0,1.0
Natalie Bible',1.0,1.0
Asghar Farhadi,1.0,24426169.0
Justin Molotnikov,1.0,1.0
G.W. Pabst,1.0,1.0
Jorge Gaggero,1.0,1.0
Michael Burke,1.0,62852.0
Catherine Jelski,1.0,1.0
Shane Dawson,1.0,1.0
Ryan Little,1.0,1.0
Clark Baker,1.0,1.0
Dave Willis,1.0,1.0
Matt Maiellaro,1.0,1.0
Ben Wheatley,2.0,181760.0
Olly Blackburn,1.0,1.0
Christopher Hutson,1.0,1.0
David LaChapelle,1.0,1.0
Caryn Waechter,1.0,1.0
Emily Dell,1.0,1.0
Valerie Red-Horse,1.0,10508.0
Jennifer Wynne Farmer,1.0,10508.0
Christopher Scott Cherot,1.0,1.0
H.M. Coakley,1.0,1.0
Randy Moore,1.0,1.0
Chris Atkins,1.0,1.0
Bill Benenson,1.0,1.0
Ryan Smith,1.0,69497587.0
Travis Romero,1.0,1.0
Anna Mastro,1.0,1.0
Mark Sandrich,1.0,3202000.0
Daniel Myrick,1.0,248000000.0
Eduardo Sánchez,1.0,248000000.0
Michael Wadleigh,1.0,34505110.0
Gene Teigland,1.0,1.0
Scott Ziehl,1.0,1.0
Richard Montoya,1.0,1.0
Johanna Schwartz,1.0,1.0
Thomas Lilti,1.0,1.0
Michael Walker,1.0,1.0
U. Roberto Romano,1.0,1.0
Amy Holden Jones,1.0,1.0
Blaž Završnik,1.0,1.0
Pan Nalin,2.0,2074001.0
Joe Camp,1.0,1.0
Matt Walsh,1.0,1.0
John 'Bud' Cardos,1.0,17000000.0
Marilyn Agrelo,1.0,9387581.0
Brian Baugh,1.0,1.0
Patrick Creadon,1.0,1.0
Barry W. Blaustein,1.0,500000.0
Kurt Hale,2.0,2.0
Siddiq Barmak,1.0,1.0
Joseph Dorman,1.0,845188.0
Greg Harrison,2.0,169327688.0
Jacob Aaron Estes,1.0,603943.0
Eric Schaeffer,1.0,138000000.0
Neema Barnette,1.0,1.0
Joe Swanberg,2.0,343342.0
Molly Bernstein,1.0,1.0
Marius Markevicius,1.0,1.0
Tom DiCillo,1.0,1.0
Quentin Dupieux,1.0,98017.0
Alex Smith,1.0,1.0
Andrew J. Smith,1.0,1.0
Gareth Edwards,1.0,4242978.0
Jonathan Parker,1.0,1.0
Sol Tryon,1.0,1.0
Alex Craig Mann,1.0,1.0
Stephen Kijak,1.0,1.0
William Gazecki,1.0,1.0
Michael Hoffman Jr.,1.0,1.0
Aaron T. Wells,1.0,1.0
Georgia Hilton,1.0,1.0
Jack Heller,1.0,1.0
Fernando Baez Mella,1.0,1.0
Warren Sheppard,1.0,1.0
Justin Paul Miller,1.0,1.0
Joel Paul Reisig,2.0,2.0
Catherine Gund,1.0,1.0
Hans Canosa,1.0,973525.0
Matthew Watts,1.0,1.0
Lloyd Bacon,1.0,2281000.0
Kay Pollak,1.0,1.0
Eric England,1.0,1.0
Terry Jones,1.0,5028948.0
Sue Corcoran,1.0,1.0
Jonathan Caouette,1.0,1162014.0
Matt Jackson,1.0,1.0
Lucio Fulci,1.0,1.0
Paul Fox,1.0,1.0
Cassandra Nicolaou,1.0,1.0
Ingmar Bergman,1.0,1.0
D.W. Griffith,1.0,8394751.0
Roger Nygard,1.0,1.0
Harry Beaumont,1.0,4358000.0
Franck Khalfoun,1.0,31081.0
Mor Loushy,1.0,1.0
Henry Alex Rubin,1.0,1750211.0
Dana Adam Shapiro,1.0,1750211.0
Sam Firstenberg,1.0,1.0
Doug Block,1.0,1.0
Chad Kapper,1.0,1.0
Paul Fierlinger,1.0,246574.0
Sandra Fierlinger,1.0,246574.0
Yorgos Lanthimos,1.0,110197.0
Lauren Lazin,1.0,7808524.0
Gregory Widen,1.0,16.0
Niall Johnson,1.0,1.0
Eric Mendelsohn,1.0,1.0
Jean-Luc Godard,2.0,2.0
Kim Longinotto,1.0,1.0
Florence Ayisi,1.0,1.0
Michael Roemer,1.0,1.0
Eddie O'Flaherty,1.0,1.0
Babar Ahmed,1.0,1.0
John D. Hancock,1.0,299455833.0
Paul Bartel,1.0,8000000.0
Jason Marsden,1.0,1.0
Bruce Dellis,1.0,1.0
Pece Dingo,1.0,1.0
Jerome Elston Scott,1.0,1.0
Étienne Faure,1.0,1.0
Herb Freed,1.0,1.0
Jack Perez,1.0,1.0
Craig Zobel,1.0,319285.0
Maria Maggenti,1.0,1.0
Piyush Dinker Pandya,1.0,1.0
Emma-Kate Croghan,1.0,1.0
Bill Plympton,1.0,203.0
Drake Doremus,1.0,3542353.0
Kurt Voss,1.0,1.0
Michael Kang,1.0,1.0
Lori Silverbush,1.0,1.0
Michael Skolnik,1.0,1.0
Stuart Hazeldine,1.0,1.0
Hilary Brougher,1.0,1.0
Rachel Goldenberg,1.0,1.0
Corbin Bernsen,1.0,1.0
Jamin Winans,1.0,1.0
Tom Seidman ,1.0,580000.0
Matt Cimber,1.0,38122165.0
Andrew Hyatt,1.0,1.0
Kristin Rizzo,1.0,1.0
Zoran Lisinac,1.0,1.0
James O'Brien,1.0,1.0
Tom Putnam,1.0,111300.0
Brenna Sanchez,1.0,111300.0
Jon Matthews,1.0,1.0
Al Silliman Jr.,1.0,27000000.0
Eugène Lourié,1.0,5000000.0
Lowell Sherman,1.0,2200000.0
David Evans ,1.0,2295733.0
Sherman Alexie,1.0,1.0
Justin Dillon,1.0,1.0
Stevan Mena,1.0,1.0
Livingston Oden,1.0,1.0
Taylor Scott Olson,1.0,1.0
Chris Marker,1.0,333932083.0
Carl Theodor Dreyer,1.0,1.0
Marianna Palka,1.0,1.0
Ricki Stern,1.0,1.0
Anne Sundberg,1.0,1.0
Nadia Tass,1.0,1.0
James Kerwin,1.0,1.0
Darren Press,1.0,1.0
C. Fraser Press,1.0,1.0
Rania Attieh,1.0,1.0
Daniel Garcia,1.0,1.0
Sharon Greytak,1.0,1.0
Majid Majidi,1.0,900000.0
Andrew Haigh,1.0,469947.0
Cary Bell,1.0,1.0
Nicolae Constantin Tanase,1.0,1.0
Melvin Van Peebles,1.0,15200000.0
Ken Roht,1.0,1.0
Robinson Devor,1.0,1.0
Michel O. Scott,1.0,1.0
Pat Holden,1.0,1.0
Eric Bugbee,1.0,1.0
Bill Melendez,1.0,1.0
Dena Seidel,1.0,1.0
Deborah Anderson,1.0,1.0
Sara Newens,1.0,1.0
Mina T. Son,1.0,1.0
Sai Varadan,1.0,1.0
Lynn Shelton,1.0,3200000.0
David Hewlett,1.0,1.0
Nate Parker,1.0,15861566.0
Nathan Smith Jones,1.0,1.0
Travis Cluff,1.0,42664410.0
Chris Lofing,1.0,42664410.0
Robert Townsend,1.0,1.0
Jamaa Fanaka,1.0,1.0
Larry Blamire,1.0,1.0
Stephen Langford,1.0,1.0
E.L. Katz,1.0,1.0
Lisanne Pajot,1.0,1.0
James Swirsky,1.0,1.0
Dan Reed,1.0,1.0
John Reinhardt,1.0,1.0
Patrick Ryan Sims,1.0,1.0
László Benedek,1.0,1.0
Jason Miller,1.0,1.0
Sut Jhally,1.0,1.0
Julie Davis,1.0,1.0
Myles Berkowitz,1.0,1.0
Brett Piper,1.0,1.0
Brandon Trost,1.0,1.0
Jason Trost,2.0,2.0
Joseph Green,1.0,1.0
Wade Gasque,1.0,1.0
Daniel Schechter,1.0,1.0
Matt Johnson,1.0,1.0
Bruno Barreto,1.0,1.0
Lena Dunham,1.0,416498.0
Terron R. Parsons,1.0,1.0
Daniel Mellitz,1.0,1.0
Jem Cohen,1.0,1.0
Andrew Leman,1.0,1.0
Dave Carroll,1.0,1.0
William Eubank,1.0,600896.0
Patrick Meaney,1.0,1.0
Chad Hartigan,1.0,1.0
Malcolm Goodwin,1.0,1.0
Kevin Jordan,1.0,1.0
Kirk Loudon,1.0,1.0
Travis Legge,2.0,2.0
Collin Joseph Neal,1.0,1.0
Bradley Rust Gray,1.0,1.0
Mike Bruce,1.0,1.0
Andrew Bujalski,2.0,76902.0
Damir Catic,1.0,1.0
James Bidgood,1.0,1.0
Eric Eason,1.0,1.0
Joseph Mazzella,1.0,1.0
Marcus Nispel,1.0,1.0
Jim Chuchu,1.0,1.0
Daryl Wein,1.0,1.0
Jafar Panahi,1.0,40656399.0
Ivan Kavanagh,1.0,1.0
Kiyoshi Kurosawa,1.0,99000.0
Tadeo Garcia,1.0,1.0
Thomas L. Phillips,1.0,1.0
Ash Baron-Cohen,1.0,1.0
Shane Carruth,1.0,424760.0
Neill Dela Llana,1.0,1.0
Ian Gamazon,1.0,1.0
Scott Smith,1.0,1.0
Daniel Hsia,1.0,1.0
Brian Herzlinger,1.0,1.0
Brett Winn,1.0,1.0
